id,title,genres,rating,cover_url,crawl_time,type
2210001,大明王朝1566,国产剧,9.8,https://img1.doubanio.com/view/photo/s_ratio_poster/public/p2444453078.jpg,2025-07-14 17:10:19,series
2156663,西游记,国产剧,9.7,https://img1.doubanio.com/view/photo/s_ratio_poster/public/p2265959269.jpg,2025-07-14 17:10:19,series
1864810,红楼梦,国产剧,9.7,https://img9.doubanio.com/view/photo/s_ratio_poster/public/p2554030915.jpg,2025-07-14 17:10:19,series
26603847,毛骗 终结篇,国产剧,9.7,https://img1.doubanio.com/view/photo/s_ratio_poster/public/p2480805230.jpg,2025-07-14 17:10:19,series
24736278,河西走廊,国产剧,9.7,https://img3.doubanio.com/view/photo/s_ratio_poster/public/p2231672392.jpg,2025-07-14 17:10:19,series
3882715,武林外传,国产剧,9.6,https://img2.doubanio.com/view/photo/s_ratio_poster/public/p2529669661.jpg,2025-07-14 17:10:19,series
35918457,快乐再出发,国产剧,9.6,https://img1.doubanio.com/view/photo/s_ratio_poster/public/p2885753659.jpg,2025-07-14 17:10:19,series
35496807,山花烂漫时,国产剧,9.6,https://img9.doubanio.com/view/photo/s_ratio_poster/public/p2912813745.jpg,2025-07-14 17:10:19,series
2997325,我的团长我的团,国产剧,9.6,https://img1.doubanio.com/view/photo/s_ratio_poster/public/p1826590030.jpg,2025-07-14 17:10:19,series
1830528,三国演义,国产剧,9.6,https://img9.doubanio.com/view/photo/s_ratio_poster/public/p2558480666.jpg,2025-07-14 17:10:19,series
3204594,虹猫蓝兔七侠传,国产剧,9.6,https://img1.doubanio.com/view/photo/s_ratio_poster/public/p2307667150.jpg,2025-07-14 17:10:25,series
1441794,走向共和,国产剧,9.6,https://img9.doubanio.com/view/photo/s_ratio_poster/public/p2328449064.jpg,2025-07-14 17:10:25,series
36150202,闪闪的儿科医生,国产剧,9.6,https://img9.doubanio.com/view/photo/s_ratio_poster/public/p2890844896.jpg,2025-07-14 17:10:25,series
3314870,潜伏,国产剧,9.5,https://img9.doubanio.com/view/photo/s_ratio_poster/public/p2189694504.jpg,2025-07-14 17:10:25,series
2254648,亮剑,国产剧,9.5,https://img3.doubanio.com/view/photo/s_ratio_poster/public/p900419027.jpg,2025-07-14 17:10:25,series
2154096,士兵突击,国产剧,9.5,https://img9.doubanio.com/view/photo/s_ratio_poster/public/p2240922426.jpg,2025-07-14 17:10:25,series
26295994,急诊室故事 第一季,国产剧,9.6,https://img2.doubanio.com/view/photo/s_ratio_poster/public/p2325001211.jpg,2025-07-14 17:10:25,series
36036719,快乐再出发 第二季,国产剧,9.5,https://img9.doubanio.com/view/photo/s_ratio_poster/public/p2885581294.jpg,2025-07-14 17:10:25,series
10477598,罗小黑战记,国产剧,9.5,https://img9.doubanio.com/view/photo/s_ratio_poster/public/p2496903956.jpg,2025-07-14 17:10:25,series
6952630,玄奘之路,国产剧,9.6,https://img1.doubanio.com/view/photo/s_ratio_poster/public/p2879655940.jpg,2025-07-14 17:10:25,series
6894818,毛骗 第二季,国产剧,9.5,https://img1.doubanio.com/view/photo/s_ratio_poster/public/p1355804308.jpg,2025-07-14 17:10:33,series
3060442,小明和王猫,国产剧,9.7,https://img3.doubanio.com/view/photo/s_ratio_poster/public/p1902946523.jpg,2025-07-14 17:10:33,series
2357303,福贵,国产剧,9.5,https://img1.doubanio.com/view/photo/s_ratio_poster/public/p2679685310.jpg,2025-07-14 17:10:33,series
33406300,局部 第三季,国产剧,9.6,https://img9.doubanio.com/view/photo/s_ratio_poster/public/p2588176676.jpg,2025-07-14 17:10:33,series
35588177,漫长的季节,国产剧,9.4,https://img9.doubanio.com/view/photo/s_ratio_poster/public/p2890906384.jpg,2025-07-14 17:10:33,series
25754848,琅琊榜,国产剧,9.4,https://img1.doubanio.com/view/photo/s_ratio_poster/public/p2271982968.jpg,2025-07-14 17:10:33,series
4922787,后宫·甄嬛传,国产剧,9.4,https://img3.doubanio.com/view/photo/s_ratio_poster/public/p1480046723.jpg,2025-07-14 17:10:33,series
19965220,父母爱情,国产剧,9.4,https://img1.doubanio.com/view/photo/s_ratio_poster/public/p2892197648.jpg,2025-07-14 17:10:33,series
2181930,大宅门,国产剧,9.4,https://img9.doubanio.com/view/photo/s_ratio_poster/public/p2312848796.jpg,2025-07-14 17:10:33,series
1830575,雍正王朝,国产剧,9.4,https://img1.doubanio.com/view/photo/s_ratio_poster/public/p1844028639.jpg,2025-07-14 17:10:33,series
26615572,极限挑战 第二季,国产剧,9.4,https://img9.doubanio.com/view/photo/s_ratio_poster/public/p2329745796.jpg,2025-07-14 17:10:40,series
3901388,我爱我家,国产剧,9.4,https://img3.doubanio.com/view/photo/s_ratio_poster/public/p1334120823.jpg,2025-07-14 17:10:40,series
35801116,画江湖之不良人6,国产剧,9.4,https://img1.doubanio.com/view/photo/s_ratio_poster/public/p2888920309.jpg,2025-07-14 17:10:40,series
3711690,幼童,国产剧,9.5,https://img9.doubanio.com/view/photo/s_ratio_poster/public/p2511611494.jpg,2025-07-14 17:10:40,series
2133474,地下交通站,国产剧,9.4,https://img9.doubanio.com/view/photo/s_ratio_poster/public/p2374796796.jpg,2025-07-14 17:10:40,series
27610855,生门,国产剧,9.4,https://img9.doubanio.com/view/photo/s_ratio_poster/public/p2896123316.jpg,2025-07-14 17:10:40,series
4246437,秦时明月之诸子百家,国产剧,9.4,https://img2.doubanio.com/view/photo/s_ratio_poster/public/p2285176341.jpg,2025-07-14 17:10:40,series
2389241,岁月,国产剧,9.4,https://img2.doubanio.com/view/photo/s_ratio_poster/public/p2905111291.jpg,2025-07-14 17:10:40,series
27624727,我的三体,国产剧,9.4,https://img3.doubanio.com/view/photo/s_ratio_poster/public/p2574505292.jpg,2025-07-14 17:10:40,series
5996825,济公游记,国产剧,9.4,https://img9.doubanio.com/view/photo/s_ratio_poster/public/p2548233954.jpg,2025-07-14 17:10:40,series
26258064,第三极,国产剧,9.4,https://img9.doubanio.com/view/photo/s_ratio_poster/public/p2237571315.jpg,2025-07-14 17:10:48,series
30228394,觉醒年代,国产剧,9.3,https://img9.doubanio.com/view/photo/s_ratio_poster/public/p2631873666.jpg,2025-07-14 17:10:48,series
3783963,三国演义,国产剧,9.4,https://img3.doubanio.com/view/photo/s_ratio_poster/public/p2903709382.jpg,2025-07-14 17:10:48,series
36247293,花儿与少年·丝路季,国产剧,9.3,https://img1.doubanio.com/view/photo/s_ratio_poster/public/p2900797398.jpg,2025-07-14 17:10:48,series
2341884,东周列国·春秋篇,国产剧,9.4,https://img9.doubanio.com/view/photo/s_ratio_poster/public/p2545563994.jpg,2025-07-14 17:10:48,series
2239292,大宋提刑官,国产剧,9.3,https://img1.doubanio.com/view/photo/s_ratio_poster/public/p2397544089.jpg,2025-07-14 17:10:48,series
26387728,极限挑战 第一季,国产剧,9.3,https://img1.doubanio.com/view/photo/s_ratio_poster/public/p2603241359.jpg,2025-07-14 17:10:48,series
2373267,闯关东,国产剧,9.3,https://img3.doubanio.com/view/photo/s_ratio_poster/public/p2176633972.jpg,2025-07-14 17:10:48,series
2238727,无悔追踪,国产剧,9.4,https://img9.doubanio.com/view/photo/s_ratio_poster/public/p2375019026.jpg,2025-07-14 17:10:48,series
3114220,大秦帝国之裂变,国产剧,9.3,https://img1.doubanio.com/view/photo/s_ratio_poster/public/p631944470.jpg,2025-07-14 17:10:48,series
2156775,西游记,国产剧,9.3,https://img3.doubanio.com/view/photo/s_ratio_poster/public/p2830353823.jpg,2025-07-14 17:10:56,series
4858790,大秦帝国之纵横,国产剧,9.3,https://img9.doubanio.com/view/photo/s_ratio_poster/public/p2506374554.jpg,2025-07-14 17:10:56,series
2411184,汉武大帝,国产剧,9.3,https://img1.doubanio.com/view/photo/s_ratio_poster/public/p2878176040.jpg,2025-07-14 17:10:56,series
35498561,大山的女儿,国产剧,9.3,https://img9.doubanio.com/view/photo/s_ratio_poster/public/p2876483176.jpg,2025-07-14 17:10:56,series
35295845,但是还有书籍 第二季,国产剧,9.3,https://img1.doubanio.com/view/photo/s_ratio_poster/public/p2885595480.jpg,2025-07-14 17:10:56,series
36053200,锵锵行天下 第三季,国产剧,9.4,https://img2.doubanio.com/view/photo/s_ratio_poster/public/p2888966891.jpg,2025-07-14 17:10:56,series
1478168,围城,国产剧,9.3,https://img9.doubanio.com/view/photo/s_ratio_poster/public/p1333229056.jpg,2025-07-14 17:10:56,series
30151530,西南联大,国产剧,9.3,https://img1.doubanio.com/view/photo/s_ratio_poster/public/p2539266159.jpg,2025-07-14 17:10:56,series
3151809,秦时明月之夜尽天明,国产剧,9.3,https://img9.doubanio.com/view/photo/s_ratio_poster/public/p2285160046.jpg,2025-07-14 17:10:56,series
36139980,凡人修仙传：星海飞驰篇,国产剧,9.3,https://img1.doubanio.com/view/photo/s_ratio_poster/public/p2896185169.jpg,2025-07-14 17:10:56,series
35356724,锵锵行天下 第二季,国产剧,9.3,https://img1.doubanio.com/view/photo/s_ratio_poster/public/p2632433599.jpg,2025-07-14 17:11:03,series
27097683,阿凡提的故事,国产剧,9.3,https://img9.doubanio.com/view/photo/s_ratio_poster/public/p2626959455.jpg,2025-07-14 17:11:03,series
36478216,你好，种地少年,国产剧,9.3,https://img1.doubanio.com/view/photo/s_ratio_poster/public/p2898363239.jpg,2025-07-14 17:11:03,series
3271273,茶馆,国产剧,9.3,https://img3.doubanio.com/view/photo/s_ratio_poster/public/p2460934832.jpg,2025-07-14 17:11:03,series
4303640,搭车去柏林,国产剧,9.3,https://img1.doubanio.com/view/photo/s_ratio_poster/public/p1058049210.jpg,2025-07-14 17:11:03,series
27620914,如果国宝会说话 第三季,国产剧,9.4,https://img3.doubanio.com/view/photo/s_ratio_poster/public/p2607802842.jpg,2025-07-14 17:11:03,series
35033654,山海情,国产剧,9.2,https://img1.doubanio.com/view/photo/s_ratio_poster/public/p2630904628.jpg,2025-07-14 17:11:03,series
26897009,极地,国产剧,9.3,https://img1.doubanio.com/view/photo/s_ratio_poster/public/p2508251848.jpg,2025-07-14 17:11:03,series
1830590,康熙王朝,国产剧,9.2,https://img1.doubanio.com/view/photo/s_ratio_poster/public/p2373067679.jpg,2025-07-14 17:11:03,series
1428576,葫芦兄弟,国产剧,9.2,https://img1.doubanio.com/view/photo/s_ratio_poster/public/p2561717360.jpg,2025-07-14 17:11:03,series
2995948,神探狄仁杰,国产剧,9.2,https://img1.doubanio.com/view/photo/s_ratio_poster/public/p2240355699.jpg,2025-07-14 17:11:09,series
35713208,惟有香如故,国产剧,9.3,https://img9.doubanio.com/view/photo/s_ratio_poster/public/p2886059455.jpg,2025-07-14 17:11:09,series
4894070,黎明之前,国产剧,9.2,https://img1.doubanio.com/view/photo/s_ratio_poster/public/p660356249.jpg,2025-07-14 17:11:09,series
36967492,他乡的童年 第二季,国产剧,9.4,https://img1.doubanio.com/view/photo/s_ratio_poster/public/p2910701799.jpg,2025-07-14 17:11:09,series
3153641,人间正道是沧桑,国产剧,9.2,https://img1.doubanio.com/view/photo/s_ratio_poster/public/p1996941530.jpg,2025-07-14 17:11:09,series
2154390,编辑部的故事,国产剧,9.2,https://img9.doubanio.com/view/photo/s_ratio_poster/public/p2255590045.jpg,2025-07-14 17:11:09,series
35178776,雾山五行·犀川幻紫林,国产剧,9.2,https://img1.doubanio.com/view/photo/s_ratio_poster/public/p2893658260.jpg,2025-07-14 17:11:09,series
3278993,围棋少年,国产剧,9.2,https://img3.doubanio.com/view/photo/s_ratio_poster/public/p2412707593.jpg,2025-07-14 17:11:09,series
35075054,人间世·抗疫特别节目,国产剧,9.3,https://img3.doubanio.com/view/photo/s_ratio_poster/public/p2603781382.jpg,2025-07-14 17:11:09,series
36969257,十三邀 第八季,国产剧,9.3,https://img9.doubanio.com/view/photo/s_ratio_poster/public/p2910778765.jpg,2025-07-14 17:11:09,series
24839102,功夫兔与菜包狗 第一季,国产剧,9.4,https://img2.doubanio.com/view/photo/s_ratio_poster/public/p2173944351.jpg,2025-07-14 17:11:16,series
33459874,中国医生,国产剧,9.2,https://img3.doubanio.com/view/photo/s_ratio_poster/public/p2585088057.jpg,2025-07-14 17:11:16,series
4102978,外乡人,国产剧,9.3,https://img3.doubanio.com/view/photo/s_ratio_poster/public/p2374802882.jpg,2025-07-14 17:11:16,series
36923479,凡人修仙传：外海风云‎,国产剧,9.3,https://img1.doubanio.com/view/photo/s_ratio_poster/public/p2918922518.jpg,2025-07-14 17:11:16,series
26727974,易中天品三国,国产剧,9.3,https://img9.doubanio.com/view/photo/s_ratio_poster/public/p2325181884.jpg,2025-07-14 17:11:16,series
20515991,中国通史,国产剧,9.2,https://img1.doubanio.com/view/photo/s_ratio_poster/public/p2243829609.jpg,2025-07-14 17:11:16,series
35686327,风味人间 第四季,国产剧,9.2,https://img3.doubanio.com/view/photo/s_ratio_poster/public/p2883894763.jpg,2025-07-14 17:11:16,series
36397293,爸爸当家 第二季,国产剧,9.2,https://img1.doubanio.com/view/photo/s_ratio_poster/public/p2906326498.jpg,2025-07-14 17:11:16,series
11629287,魔角侦探之大三角计划,国产剧,9.5,https://img2.doubanio.com/view/photo/s_ratio_poster/public/p2865554441.jpg,2025-07-14 17:11:16,series
2210031,仙剑奇侠传,国产剧,9.1,https://img9.doubanio.com/view/photo/s_ratio_poster/public/p2561931895.jpg,2025-07-14 17:11:16,series
20258941,战长沙,国产剧,9.1,https://img9.doubanio.com/view/photo/s_ratio_poster/public/p2587253735.jpg,2025-07-14 17:11:22,series
26274367,神兵小将1 下部,国产剧,9.2,https://img1.doubanio.com/view/photo/s_ratio_poster/public/p2219780089.jpg,2025-07-14 17:11:22,series
25966028,红色,国产剧,9.1,https://img9.doubanio.com/view/photo/s_ratio_poster/public/p2523439906.jpg,2025-07-14 17:11:22,series
26391976,一起同过窗 第一季,国产剧,9.1,https://img1.doubanio.com/view/photo/s_ratio_poster/public/p2620774058.jpg,2025-07-14 17:11:22,series
2154859,大明宫词,国产剧,9.1,https://img9.doubanio.com/view/photo/s_ratio_poster/public/p2922664244.jpg,2025-07-14 17:11:22,series
30353394,声入人心 第一季,国产剧,9.1,https://img9.doubanio.com/view/photo/s_ratio_poster/public/p2537774816.jpg,2025-07-14 17:11:22,series
2347485,天道,国产剧,9.1,https://img3.doubanio.com/view/photo/s_ratio_poster/public/p2374798402.jpg,2025-07-14 17:11:22,series
30371751,伍六七之最强发型师,国产剧,9.1,https://img9.doubanio.com/view/photo/s_ratio_poster/public/p2571634144.jpg,2025-07-14 17:11:22,series
25742294,爸爸去哪儿 第一季,国产剧,9.1,https://img3.doubanio.com/view/photo/s_ratio_poster/public/p2153323323.jpg,2025-07-14 17:11:22,series
3904560,水浒传,国产剧,9.1,https://img3.doubanio.com/view/photo/s_ratio_poster/public/p2558579542.jpg,2025-07-14 17:11:22,series
36230054,种地吧,国产剧,9.1,https://img3.doubanio.com/view/photo/s_ratio_poster/public/p2887419597.jpg,2025-07-14 17:11:28,series
2156667,西游记续集,国产剧,9.1,https://img9.doubanio.com/view/photo/s_ratio_poster/public/p2558580136.jpg,2025-07-14 17:11:28,series
2377277,神探狄仁杰2,国产剧,9.1,https://img1.doubanio.com/view/photo/s_ratio_poster/public/p2242225308.jpg,2025-07-14 17:11:28,series
35589220,准备好了就出发,国产剧,9.6,https://img3.doubanio.com/view/photo/s_ratio_poster/public/p2680752743.jpg,2025-07-14 17:11:28,series
2148367,恰同学少年,国产剧,9.1,https://img1.doubanio.com/view/photo/s_ratio_poster/public/p2462311928.jpg,2025-07-14 17:11:28,series
1917796,征服,国产剧,9.1,https://img2.doubanio.com/view/photo/s_ratio_poster/public/p2887925121.jpg,2025-07-14 17:11:28,series
26694967,航拍中国 第一季,国产剧,9.1,https://img9.doubanio.com/view/photo/s_ratio_poster/public/p2453950384.jpg,2025-07-14 17:11:28,series
3008313,中国刑侦1号案,国产剧,9.2,https://img3.doubanio.com/view/photo/s_ratio_poster/public/p2375019242.jpg,2025-07-14 17:11:28,series
35023781,明星大侦探之名侦探学院 第二季,国产剧,9.1,https://img3.doubanio.com/view/photo/s_ratio_poster/public/p2596134287.jpg,2025-07-14 17:11:28,series
3003187,12·1枪杀大案,国产剧,9.2,https://img3.doubanio.com/view/photo/s_ratio_poster/public/p1332518692.jpg,2025-07-14 17:11:28,series
11598913,铁甲威虫之骑刃王,国产剧,9.3,https://img1.doubanio.com/view/photo/s_ratio_poster/public/p2581627610.jpg,2025-07-14 17:11:36,series
35400235,明星大侦探之名侦探学院 第四季,国产剧,9.1,https://img3.doubanio.com/view/photo/s_ratio_poster/public/p2640274177.jpg,2025-07-14 17:11:36,series
27046738,圆桌派 第二季,国产剧,9.1,https://img1.doubanio.com/view/photo/s_ratio_poster/public/p2459865020.jpg,2025-07-14 17:11:36,series
30337114,一本好书,国产剧,9.1,https://img1.doubanio.com/view/photo/s_ratio_poster/public/p2536542410.jpg,2025-07-14 17:11:36,series
35891669,我在岛屿读书,国产剧,9.1,https://img2.doubanio.com/view/photo/s_ratio_poster/public/p2883534261.jpg,2025-07-14 17:11:36,series
35664467,人生第二次,国产剧,9.1,https://img9.doubanio.com/view/photo/s_ratio_poster/public/p2873066874.jpg,2025-07-14 17:11:36,series
35778779,再会长江,国产剧,9.3,https://img1.doubanio.com/view/photo/s_ratio_poster/public/p2868685760.jpg,2025-07-14 17:11:36,series
35983228,密室大逃脱大神版 第四季,国产剧,9.1,https://img1.doubanio.com/view/photo/s_ratio_poster/public/p2876041158.jpg,2025-07-14 17:11:36,series
35075960,国家宝藏 第三季,国产剧,9.1,https://img1.doubanio.com/view/photo/s_ratio_poster/public/p2627833180.jpg,2025-07-14 17:11:36,series
27075258,和陌生人说话 第一季,国产剧,9.2,https://img1.doubanio.com/view/photo/s_ratio_poster/public/p2502277578.jpg,2025-07-14 17:11:36,series
36354085,问苍茫,国产剧,9.1,https://img1.doubanio.com/view/photo/s_ratio_poster/public/p2901874168.jpg,2025-07-14 17:11:42,series
26933221,百家讲坛：王立群读史记之秦始皇,国产剧,9.5,https://img9.doubanio.com/view/photo/s_ratio_poster/public/p2616018256.jpg,2025-07-14 17:11:42,series
36404101,我在岛屿读书 第二季,国产剧,9.2,https://img9.doubanio.com/view/photo/s_ratio_poster/public/p2893233575.jpg,2025-07-14 17:11:42,series
36666715,东瀛大宝荐,国产剧,9.1,https://img9.doubanio.com/view/photo/s_ratio_poster/public/p2901416886.jpg,2025-07-14 17:11:42,series
36253154,这货哪来的,国产剧,9.1,https://img3.doubanio.com/view/photo/s_ratio_poster/public/p2888287197.jpg,2025-07-14 17:11:42,series
33447642,沉默的真相,国产剧,9.0,https://img3.doubanio.com/view/photo/s_ratio_poster/public/p2620780603.jpg,2025-07-14 17:11:42,series
36742769,熊出没之春夏秋冬,国产剧,9.4,https://img9.doubanio.com/view/photo/s_ratio_poster/public/p2903584626.jpg,2025-07-14 17:11:42,series
3227335,仙剑奇侠传三,国产剧,9.0,https://img9.doubanio.com/view/photo/s_ratio_poster/public/p2561696294.jpg,2025-07-14 17:11:42,series
34851234,未至之境,国产剧,9.3,https://img9.doubanio.com/view/photo/s_ratio_poster/public/p2570886646.jpg,2025-07-14 17:11:42,series
2160565,家有儿女,国产剧,9.0,https://img1.doubanio.com/view/photo/s_ratio_poster/public/p2567683328.jpg,2025-07-14 17:11:42,series
25895929,晓松奇谈,国产剧,9.1,https://img3.doubanio.com/view/photo/s_ratio_poster/public/p2408131202.jpg,2025-07-14 17:11:50,series
7051370,宇宙星神,国产剧,9.2,https://img2.doubanio.com/view/photo/s_ratio_poster/public/p2869675511.jpg,2025-07-14 17:11:50,series
30156039,风味人间 第一季,国产剧,9.0,https://img3.doubanio.com/view/photo/s_ratio_poster/public/p2541649132.jpg,2025-07-14 17:11:50,series
33418361,但是还有书籍,国产剧,9.0,https://img1.doubanio.com/view/photo/s_ratio_poster/public/p2577256090.jpg,2025-07-14 17:11:50,series
26821378,明星大侦探 第二季,国产剧,9.0,https://img3.doubanio.com/view/photo/s_ratio_poster/public/p2410155723.jpg,2025-07-14 17:11:50,series
34951103,功勋,国产剧,9.0,https://img3.doubanio.com/view/photo/s_ratio_poster/public/p2689493412.jpg,2025-07-14 17:11:50,series
35161255,伍六七之玄武国篇,国产剧,9.0,https://img3.doubanio.com/view/photo/s_ratio_poster/public/p2631154727.jpg,2025-07-14 17:11:50,series
34945795,人生第一次,国产剧,9.0,https://img9.doubanio.com/view/photo/s_ratio_poster/public/p2580673925.jpg,2025-07-14 17:11:50,series
2158486,暗算,国产剧,9.0,https://img1.doubanio.com/view/photo/s_ratio_poster/public/p885249009.jpg,2025-07-14 17:11:50,series
2997297,马大帅,国产剧,9.0,https://img1.doubanio.com/view/photo/s_ratio_poster/public/p2375009468.jpg,2025-07-14 17:11:50,series
36533898,快乐再出发·山海季,国产剧,9.0,https://img9.doubanio.com/view/photo/s_ratio_poster/public/p2917117404.jpg,2025-07-14 17:11:57,series
36193769,一路前行,国产剧,9.2,https://img1.doubanio.com/view/photo/s_ratio_poster/public/p2900554530.jpg,2025-07-14 17:11:57,series
37096658,风味人间 第五季,国产剧,9.1,https://img2.doubanio.com/view/photo/s_ratio_poster/public/p2915559891.jpg,2025-07-14 17:11:57,series
26784894,寻味顺德,国产剧,9.0,https://img9.doubanio.com/view/photo/s_ratio_poster/public/p2447335324.jpg,2025-07-14 17:11:57,series
35529419,圆桌派 第五季,国产剧,9.0,https://img9.doubanio.com/view/photo/s_ratio_poster/public/p2681663136.jpg,2025-07-14 17:11:57,series
36017435,凡人修仙传：初入星海,国产剧,9.0,https://img3.doubanio.com/view/photo/s_ratio_poster/public/p2881861577.jpg,2025-07-14 17:11:57,series
36406437,森林进化论,国产剧,9.0,https://img1.doubanio.com/view/photo/s_ratio_poster/public/p2895643900.jpg,2025-07-14 17:11:57,series
25722385,神魄,国产剧,9.3,https://img3.doubanio.com/view/photo/s_ratio_poster/public/p2523192567.jpg,2025-07-14 17:11:57,series
26820672,咱们穿越吧 第二季,国产剧,9.1,https://img9.doubanio.com/view/photo/s_ratio_poster/public/p2361438176.jpg,2025-07-14 17:11:57,series
3619080,爱情宝典,国产剧,9.0,https://img9.doubanio.com/view/photo/s_ratio_poster/public/p2552228816.jpg,2025-07-14 17:11:57,series
36743840,闪闪的儿科医生 第二季,国产剧,9.1,https://img3.doubanio.com/view/photo/s_ratio_poster/public/p2913364167.jpg,2025-07-14 17:12:05,series
26883064,白夜追凶,国产剧,8.9,https://img3.doubanio.com/view/photo/s_ratio_poster/public/p2483150767.jpg,2025-07-14 17:12:05,series
26602244,最好的我们,国产剧,8.9,https://img9.doubanio.com/view/photo/s_ratio_poster/public/p2507725756.jpg,2025-07-14 17:12:05,series
36245596,我的阿勒泰,国产剧,8.9,https://img9.doubanio.com/view/photo/s_ratio_poster/public/p2905618615.jpg,2025-07-14 17:12:05,series
3091047,大英雄狄青,国产剧,9.0,https://img1.doubanio.com/view/photo/s_ratio_poster/public/p2589620710.jpg,2025-07-14 17:12:05,series
20444535,遇见王沥川,国产剧,8.9,https://img9.doubanio.com/view/photo/s_ratio_poster/public/p2369152024.jpg,2025-07-14 17:12:05,series
26868389,囧的呼唤,国产剧,9.4,https://img3.doubanio.com/view/photo/s_ratio_poster/public/p2520970522.jpg,2025-07-14 17:12:05,series
24695611,北平无战事,国产剧,8.9,https://img3.doubanio.com/view/photo/s_ratio_poster/public/p2569537222.jpg,2025-07-14 17:12:05,series
27034748,一人之下 第二季,国产剧,8.9,https://img1.doubanio.com/view/photo/s_ratio_poster/public/p2500537730.jpg,2025-07-14 17:12:05,series
26979979,一起同过窗 第二季,国产剧,8.9,https://img1.doubanio.com/view/photo/s_ratio_poster/public/p2506692879.jpg,2025-07-14 17:12:05,series
26435736,狐妖小红娘,国产剧,8.9,https://img9.doubanio.com/view/photo/s_ratio_poster/public/p2501006016.jpg,2025-07-14 17:12:13,series
26865382,梦想改造家 第三季,国产剧,9.1,https://img2.doubanio.com/view/photo/s_ratio_poster/public/p2377880111.jpg,2025-07-14 17:12:13,series
2190981,重案六组,国产剧,8.9,https://img9.doubanio.com/view/photo/s_ratio_poster/public/p2880525416.jpg,2025-07-14 17:12:13,series
3111378,大耳朵图图,国产剧,8.9,https://img9.doubanio.com/view/photo/s_ratio_poster/public/p2674283905.jpg,2025-07-14 17:12:13,series
27620007,非人哉,国产剧,8.9,https://img9.doubanio.com/view/photo/s_ratio_poster/public/p2533984745.jpg,2025-07-14 17:12:13,series
34889671,明星大侦探之名侦探学院 第一季,国产剧,8.9,https://img3.doubanio.com/view/photo/s_ratio_poster/public/p2574254332.jpg,2025-07-14 17:12:13,series
35639781,剑来 第一季,国产剧,8.9,https://img3.doubanio.com/view/photo/s_ratio_poster/public/p2911043943.jpg,2025-07-14 17:12:13,series
36779574,仙逆 年番1,国产剧,8.9,https://img9.doubanio.com/view/photo/s_ratio_poster/public/p2920749956.jpg,2025-07-14 17:12:13,series
26797714,我是你的TFphone,国产剧,9.1,https://img1.doubanio.com/view/photo/s_ratio_poster/public/p2354403360.jpg,2025-07-14 17:12:13,series
36467256,灵笼 第二季,国产剧,8.9,https://img9.doubanio.com/view/photo/s_ratio_poster/public/p2921805655.jpg,2025-07-14 17:12:13,series
35882624,凡人修仙传：再别天南,国产剧,8.9,https://img2.doubanio.com/view/photo/s_ratio_poster/public/p2873416851.jpg,2025-07-14 17:12:20,series
25875077,一席,国产剧,9.2,https://img2.doubanio.com/view/photo/s_ratio_poster/public/p2226840171.jpg,2025-07-14 17:12:20,series
2279839,家有九凤,国产剧,8.9,https://img3.doubanio.com/view/photo/s_ratio_poster/public/p2182853313.jpg,2025-07-14 17:12:20,series
25875051,客从何处来 第一季,国产剧,9.0,https://img2.doubanio.com/view/photo/s_ratio_poster/public/p2180910671.jpg,2025-07-14 17:12:20,series
33404425,隐秘的角落,国产剧,8.8,https://img1.doubanio.com/view/photo/s_ratio_poster/public/p2609064048.jpg,2025-07-14 17:12:20,series
35662223,去有风的地方,国产剧,8.8,https://img1.doubanio.com/view/photo/s_ratio_poster/public/p2885759819.jpg,2025-07-14 17:12:20,series
35691911,十三邀 第六季,国产剧,8.9,https://img3.doubanio.com/view/photo/s_ratio_poster/public/p2782784882.jpg,2025-07-14 17:12:20,series
26797690,大江大河,国产剧,8.8,https://img1.doubanio.com/view/photo/s_ratio_poster/public/p2541093820.jpg,2025-07-14 17:12:20,series
27015848,魔道祖师 第一季,国产剧,8.8,https://img1.doubanio.com/view/photo/s_ratio_poster/public/p2523153760.jpg,2025-07-14 17:12:20,series
26322644,白鹿原,国产剧,8.8,https://img9.doubanio.com/view/photo/s_ratio_poster/public/p2458656244.jpg,2025-07-14 17:12:20,series
26815153,一人之下 第一季,国产剧,8.8,https://img1.doubanio.com/view/photo/s_ratio_poster/public/p2370126919.jpg,2025-07-14 17:12:28,series
25752323,风筝,国产剧,8.8,https://img9.doubanio.com/view/photo/s_ratio_poster/public/p2508082006.jpg,2025-07-14 17:12:28,series
2333726,记忆的证明,国产剧,9.1,https://img1.doubanio.com/view/photo/s_ratio_poster/public/p2374798100.jpg,2025-07-14 17:12:28,series
35656028,天行健,国产剧,8.8,https://img1.doubanio.com/view/photo/s_ratio_poster/public/p2874883359.jpg,2025-07-14 17:12:28,series
1870436,舒克和贝塔,国产剧,8.8,https://img1.doubanio.com/view/photo/s_ratio_poster/public/p2627283939.jpg,2025-07-14 17:12:28,series
25851665,平凡的世界,国产剧,8.8,https://img3.doubanio.com/view/photo/s_ratio_poster/public/p2232143617.jpg,2025-07-14 17:12:28,series
5045822,我的抗战,国产剧,9.3,https://img3.doubanio.com/view/photo/s_ratio_poster/public/p2558846737.jpg,2025-07-14 17:12:28,series
35725021,一人之下 第五季,国产剧,8.8,https://img9.doubanio.com/view/photo/s_ratio_poster/public/p2875838244.jpg,2025-07-14 17:12:28,series
36540851,现在就出发 第二季,国产剧,8.8,https://img3.doubanio.com/view/photo/s_ratio_poster/public/p2914336003.jpg,2025-07-14 17:12:28,series
26798452,重生,国产剧,9.2,https://img9.doubanio.com/view/photo/s_ratio_poster/public/p2363272624.jpg,2025-07-14 17:12:28,series
34807388,他乡的童年,国产剧,8.8,https://img3.doubanio.com/view/photo/s_ratio_poster/public/p2566991162.jpg,2025-07-14 17:12:35,series
4226460,苍穹之昴,国产剧,8.8,https://img3.doubanio.com/view/photo/s_ratio_poster/public/p2525077153.jpg,2025-07-14 17:12:35,series
36171582,名侦探学院 第六季,国产剧,8.8,https://img9.doubanio.com/view/photo/s_ratio_poster/public/p2885061544.jpg,2025-07-14 17:12:35,series
25788012,东方神娃,国产剧,8.8,https://img1.doubanio.com/view/photo/s_ratio_poster/public/p2876830410.jpg,2025-07-14 17:12:35,series
36642543,女子推理社 第二季,国产剧,8.8,https://img9.doubanio.com/view/photo/s_ratio_poster/public/p2915150934.jpg,2025-07-14 17:12:35,series
2993080,乘龙怪婿第一季,国产剧,9.1,https://img1.doubanio.com/view/photo/s_ratio_poster/public/p2887724468.jpg,2025-07-14 17:12:35,series
2074860,大师,国产剧,9.2,https://img1.doubanio.com/view/photo/s_ratio_poster/public/p2184400950.jpg,2025-07-14 17:12:35,series
26311928,看见,国产剧,9.2,https://img3.doubanio.com/view/photo/s_ratio_poster/public/p2224093212.jpg,2025-07-14 17:12:35,series
35136798,我们的国家公园,国产剧,9.2,https://img9.doubanio.com/view/photo/s_ratio_poster/public/p2901067736.jpg,2025-07-14 17:12:35,series
26757997,勇者大冒险  第二季,国产剧,8.9,https://img1.doubanio.com/view/photo/s_ratio_poster/public/p2327146760.jpg,2025-07-14 17:12:35,series
4321270,猫和老鼠,美剧,9.8,https://img1.doubanio.com/view/photo/s_ratio_poster/public/p2554009820.jpg,2025-07-14 17:12:41,series
3286552,老友记 第十季,美剧,9.8,https://img3.doubanio.com/view/photo/s_ratio_poster/public/p2187822907.jpg,2025-07-14 17:12:41,series
6952149,绝命毒师  第五季,美剧,9.7,https://img3.doubanio.com/view/photo/s_ratio_poster/public/p1579021082.jpg,2025-07-14 17:12:41,series
34951007,风骚律师 第六季,美剧,9.7,https://img1.doubanio.com/view/photo/s_ratio_poster/public/p2869521768.jpg,2025-07-14 17:12:41,series
27001001,生活大爆炸 第十二季,美剧,9.7,https://img3.doubanio.com/view/photo/s_ratio_poster/public/p2535085957.jpg,2025-07-14 17:12:41,series
30454227,摩登家庭 第十一季,美剧,9.7,https://img3.doubanio.com/view/photo/s_ratio_poster/public/p2584872902.jpg,2025-07-14 17:12:41,series
21485010,怪诞小镇 第二季,美剧,9.7,https://img3.doubanio.com/view/photo/s_ratio_poster/public/p2630193197.jpg,2025-07-14 17:12:41,series
1307847,兄弟连,美剧,9.6,https://img3.doubanio.com/view/photo/s_ratio_poster/public/p1714777727.jpg,2025-07-14 17:12:41,series
24698699,宇宙时空之旅,美剧,9.7,https://img3.doubanio.com/view/photo/s_ratio_poster/public/p2180206213.jpg,2025-07-14 17:12:41,series
2393060,火线 第五季,美剧,9.7,https://img3.doubanio.com/view/photo/s_ratio_poster/public/p2177042077.jpg,2025-07-14 17:12:41,series
34948243,无耻之徒(美版) 第十一季,美剧,9.6,https://img1.doubanio.com/view/photo/s_ratio_poster/public/p2684220778.jpg,2025-07-14 17:12:50,series
30366464,马男波杰克 第六季,美剧,9.6,https://img9.doubanio.com/view/photo/s_ratio_poster/public/p2580934085.jpg,2025-07-14 17:12:50,series
30223100,最后的舞动,美剧,9.6,https://img2.doubanio.com/view/photo/s_ratio_poster/public/p2599637621.jpg,2025-07-14 17:12:50,series
33444128,我们这一天 第六季,美剧,9.6,https://img1.doubanio.com/view/photo/s_ratio_poster/public/p2758013960.jpg,2025-07-14 17:12:50,series
25719291,新闻编辑室 第三季,美剧,9.5,https://img3.doubanio.com/view/photo/s_ratio_poster/public/p2204331432.jpg,2025-07-14 17:12:50,series
36831851,匹兹堡医护前线 第一季,美剧,9.5,https://img1.doubanio.com/view/photo/s_ratio_poster/public/p2920601490.jpg,2025-07-14 17:12:50,series
25715367,成龙历险记 第五季,美剧,9.5,https://img1.doubanio.com/view/photo/s_ratio_poster/public/p2550461549.jpg,2025-07-14 17:12:50,series
35420025,小谢尔顿 第七季,美剧,9.5,https://img3.doubanio.com/view/photo/s_ratio_poster/public/p2903443592.jpg,2025-07-14 17:12:50,series
26723681,女子监狱 第七季,美剧,9.5,https://img9.doubanio.com/view/photo/s_ratio_poster/public/p2564451036.jpg,2025-07-14 17:12:50,series
26387813,疑犯追踪 第五季,美剧,9.4,https://img3.doubanio.com/view/photo/s_ratio_poster/public/p2340869957.jpg,2025-07-14 17:12:50,series
4707570,同志亦凡人 第五季,美剧,9.5,https://img3.doubanio.com/view/photo/s_ratio_poster/public/p2187840512.jpg,2025-07-14 17:12:57,series
26869684,毒枭 第三季,美剧,9.4,https://img3.doubanio.com/view/photo/s_ratio_poster/public/p2498121123.jpg,2025-07-14 17:12:57,series
34889374,神烦警探 第八季,美剧,9.5,https://img9.doubanio.com/view/photo/s_ratio_poster/public/p2670984465.jpg,2025-07-14 17:12:57,series
25947054,燃情克利夫兰 第六季,美剧,9.5,https://img3.doubanio.com/view/photo/s_ratio_poster/public/p2494979747.jpg,2025-07-14 17:12:57,series
35774728,了不起的麦瑟尔夫人 第五季,美剧,9.4,https://img9.doubanio.com/view/photo/s_ratio_poster/public/p2889621415.jpg,2025-07-14 17:12:57,series
30194648,硅谷 第六季,美剧,9.4,https://img9.doubanio.com/view/photo/s_ratio_poster/public/p2571694925.jpg,2025-07-14 17:12:57,series
6781992,豪斯医生 第八季,美剧,9.5,https://img1.doubanio.com/view/photo/s_ratio_poster/public/p1284902530.jpg,2025-07-14 17:12:57,series
26681664,辛普森：美国制造,美剧,9.4,https://img1.doubanio.com/view/photo/s_ratio_poster/public/p2315235568.jpg,2025-07-14 17:12:57,series
26854276,国土安全 第八季,美剧,9.4,https://img1.doubanio.com/view/photo/s_ratio_poster/public/p2576258389.jpg,2025-07-14 17:12:57,series
11538023,积极心理学,美剧,9.6,https://img2.doubanio.com/view/photo/s_ratio_poster/public/p2230823081.jpg,2025-07-14 17:12:57,series
35101436,成瘾剂量,美剧,9.3,https://img1.doubanio.com/view/photo/s_ratio_poster/public/p2867314050.jpg,2025-07-14 17:13:03,series
27199926,我爱上的人是奇葩 第五季,美剧,9.4,https://img1.doubanio.com/view/photo/s_ratio_poster/public/p2546395450.jpg,2025-07-14 17:13:03,series
27665860,咱们裸熊 第四季,美剧,9.5,https://img1.doubanio.com/view/photo/s_ratio_poster/public/p2510865908.jpg,2025-07-14 17:13:03,series
2270295,降世神通 第三季,美剧,9.5,https://img1.doubanio.com/view/photo/s_ratio_poster/public/p2524056899.jpg,2025-07-14 17:13:03,series
26762232,星际宝贝 第二季,美剧,9.5,https://img9.doubanio.com/view/photo/s_ratio_poster/public/p2498279056.jpg,2025-07-14 17:13:03,series
24859448,广告狂人 第七季,美剧,9.4,https://img9.doubanio.com/view/photo/s_ratio_poster/public/p2173452444.jpg,2025-07-14 17:13:03,series
36631684,大自然的女王,美剧,9.6,https://img1.doubanio.com/view/photo/s_ratio_poster/public/p2909838178.jpg,2025-07-14 17:13:03,series
24869254,奥丽芙·基特里奇,美剧,9.3,https://img9.doubanio.com/view/photo/s_ratio_poster/public/p2203693595.jpg,2025-07-14 17:13:03,series
6778677,绝望主妇  第八季,美剧,9.3,https://img3.doubanio.com/view/photo/s_ratio_poster/public/p1161392417.jpg,2025-07-14 17:13:03,series
25823618,公正,美剧,9.7,https://img9.doubanio.com/view/photo/s_ratio_poster/public/p2177759845.jpg,2025-07-14 17:13:03,series
2138382,Q版猫和老鼠,美剧,9.3,https://img3.doubanio.com/view/photo/s_ratio_poster/public/p2554076397.jpg,2025-07-14 17:13:19,series
35638422,继承之战 第四季,美剧,9.3,https://img1.doubanio.com/view/photo/s_ratio_poster/public/p2888728568.jpg,2025-07-14 17:13:19,series
26719562,百年酒馆,美剧,9.3,https://img3.doubanio.com/view/photo/s_ratio_poster/public/p2354604482.jpg,2025-07-14 17:13:19,series
25851740,妙警贼探 第六季,美剧,9.3,https://img2.doubanio.com/view/photo/s_ratio_poster/public/p2203257501.jpg,2025-07-14 17:13:19,series
26841619,夜魔侠 第三季,美剧,9.3,https://img9.doubanio.com/view/photo/s_ratio_poster/public/p2537273666.jpg,2025-07-14 17:13:19,series
26583813,拽妹黛薇儿 第五季,美剧,9.6,https://img1.doubanio.com/view/photo/s_ratio_poster/public/p2260228759.jpg,2025-07-14 17:13:19,series
4074092,成长的烦恼  第七季,美剧,9.5,https://img3.doubanio.com/view/photo/s_ratio_poster/public/p2310644023.jpg,2025-07-14 17:13:19,series
11232690,办公室 第九季,美剧,9.5,https://img2.doubanio.com/view/photo/s_ratio_poster/public/p2463106981.jpg,2025-07-14 17:13:19,series
27194292,怪奇物语 第四季,美剧,9.2,https://img9.doubanio.com/view/photo/s_ratio_poster/public/p2868448056.jpg,2025-07-14 17:13:19,series
30192448,宇宙时空之旅：未知世界,美剧,9.5,https://img9.doubanio.com/view/photo/s_ratio_poster/public/p2592896526.jpg,2025-07-14 17:13:19,series
30442251,粉雄救兵：我们在日本！,美剧,9.3,https://img1.doubanio.com/view/photo/s_ratio_poster/public/p2570887220.jpg,2025-07-14 17:13:27,series
30220407,福尔摩斯：基本演绎法 第七季,美剧,9.3,https://img1.doubanio.com/view/photo/s_ratio_poster/public/p2554082800.jpg,2025-07-14 17:13:27,series
35932858,拾荒者统治,美剧,9.2,https://img1.doubanio.com/view/photo/s_ratio_poster/public/p2898656708.jpg,2025-07-14 17:13:27,series
26588239,超感猎杀 第二季,美剧,9.2,https://img1.doubanio.com/view/photo/s_ratio_poster/public/p2454857708.jpg,2025-07-14 17:13:27,series
30122641,难以置信,美剧,9.2,https://img9.doubanio.com/view/photo/s_ratio_poster/public/p2562989034.jpg,2025-07-14 17:13:27,series
25735931,大西洋帝国 第五季,美剧,9.3,https://img9.doubanio.com/view/photo/s_ratio_poster/public/p2193655305.jpg,2025-07-14 17:13:27,series
30167309,探险活宝 第十季,美剧,9.7,https://img1.doubanio.com/view/photo/s_ratio_poster/public/p2921736900.jpg,2025-07-14 17:13:27,series
2153590,欲望都市 第六季,美剧,9.2,https://img1.doubanio.com/view/photo/s_ratio_poster/public/p2494202890.jpg,2025-07-14 17:13:27,series
20277091,美国商业大亨传奇,美剧,9.3,https://img1.doubanio.com/view/photo/s_ratio_poster/public/p2283759428.jpg,2025-07-14 17:13:27,series
23693905,查莉成长日记 第四季,美剧,9.4,https://img1.doubanio.com/view/photo/s_ratio_poster/public/p1982347689.jpg,2025-07-14 17:13:27,series
35289513,无耻家庭之无耻堂,美剧,9.4,https://img9.doubanio.com/view/photo/s_ratio_poster/public/p2628502156.jpg,2025-07-14 17:13:32,series
30380446,神盾局特工 第七季,美剧,9.2,https://img3.doubanio.com/view/photo/s_ratio_poster/public/p2602873863.jpg,2025-07-14 17:13:32,series
25782549,脆莓公园 第三季,美剧,9.3,https://img2.doubanio.com/view/photo/s_ratio_poster/public/p2239406581.jpg,2025-07-14 17:13:32,series
2154324,黑道家族  第六季,美剧,9.4,https://img9.doubanio.com/view/photo/s_ratio_poster/public/p2290922156.jpg,2025-07-14 17:13:32,series
25770124,政局边缘,美剧,9.2,https://img9.doubanio.com/view/photo/s_ratio_poster/public/p2245170305.jpg,2025-07-14 17:13:32,series
26584425,米老鼠和唐老鸭,美剧,9.2,https://img9.doubanio.com/view/photo/s_ratio_poster/public/p2260414786.jpg,2025-07-14 17:13:32,series
35237371,足球教练 第三季,美剧,9.2,https://img3.doubanio.com/view/photo/s_ratio_poster/public/p2888728873.jpg,2025-07-14 17:13:32,series
4321283,新版猫和老鼠,美剧,9.4,https://img1.doubanio.com/view/photo/s_ratio_poster/public/p2585781499.jpg,2025-07-14 17:13:32,series
4826758,与霍金一起了解宇宙,美剧,9.3,https://img3.doubanio.com/view/photo/s_ratio_poster/public/p2153579113.jpg,2025-07-14 17:13:32,series
10434591,宇宙的构造,美剧,9.5,https://img1.doubanio.com/view/photo/s_ratio_poster/public/p2387814770.jpg,2025-07-14 17:13:32,series
34787117,亚特兰大 第四季,美剧,9.4,https://img3.doubanio.com/view/photo/s_ratio_poster/public/p2884765833.jpg,2025-07-14 17:13:38,series
26387804,傲骨贤妻 第七季,美剧,9.1,https://img3.doubanio.com/view/photo/s_ratio_poster/public/p2243712597.jpg,2025-07-14 17:13:38,series
10569661,欢乐一家亲 第十一季,美剧,9.6,https://img9.doubanio.com/view/photo/s_ratio_poster/public/p2514700754.jpg,2025-07-14 17:13:38,series
1304605,孤鸽镇,美剧,9.5,https://img1.doubanio.com/view/photo/s_ratio_poster/public/p2615731928.jpg,2025-07-14 17:13:38,series
27055899,副总统 第七季,美剧,9.4,https://img3.doubanio.com/view/photo/s_ratio_poster/public/p2551156372.jpg,2025-07-14 17:13:38,series
30366454,美国夫人,美剧,9.1,https://img3.doubanio.com/view/photo/s_ratio_poster/public/p2591071133.jpg,2025-07-14 17:13:38,series
4113335,24小时  第八季,美剧,9.2,https://img9.doubanio.com/view/photo/s_ratio_poster/public/p2503818225.jpg,2025-07-14 17:13:38,series
30128906,小蜘蛛卢卡斯,美剧,9.4,https://img1.doubanio.com/view/photo/s_ratio_poster/public/p2886580749.jpg,2025-07-14 17:13:38,series
35417200,小小世界 第二季,美剧,9.6,https://img3.doubanio.com/view/photo/s_ratio_poster/public/p2637667633.jpg,2025-07-14 17:13:38,series
24860346,变形金刚：领袖之证 第三季,美剧,9.5,https://img2.doubanio.com/view/photo/s_ratio_poster/public/p2042901821.jpg,2025-07-14 17:13:38,series
32579283,后翼弃兵,美剧,9.0,https://img9.doubanio.com/view/photo/s_ratio_poster/public/p2621201524.jpg,2025-07-14 17:13:46,series
27034707,守护者,美剧,9.3,https://img2.doubanio.com/view/photo/s_ratio_poster/public/p2457623321.jpg,2025-07-14 17:13:46,series
30331433,旺达幻视,美剧,9.0,https://img2.doubanio.com/view/photo/s_ratio_poster/public/p2628036511.jpg,2025-07-14 17:13:46,series
30280509,星球大战：克隆人战争 第七季,美剧,9.5,https://img9.doubanio.com/view/photo/s_ratio_poster/public/p2581741984.jpg,2025-07-14 17:13:46,series
30488736,善地 第四季,美剧,9.2,https://img1.doubanio.com/view/photo/s_ratio_poster/public/p2569850819.jpg,2025-07-14 17:13:46,series
30450247,邪恶力量 第十五季,美剧,9.2,https://img9.doubanio.com/view/photo/s_ratio_poster/public/p2564856425.jpg,2025-07-14 17:13:46,series
35244032,洛基 第二季,美剧,9.0,https://img1.doubanio.com/view/photo/s_ratio_poster/public/p2896254228.jpg,2025-07-14 17:13:46,series
35608712,jeen-yuhs: 坎耶·维斯特三部曲,美剧,9.4,https://img2.doubanio.com/view/photo/s_ratio_poster/public/p2868389211.jpg,2025-07-14 17:13:46,series
1428176,太平洋战争,美剧,9.0,https://img9.doubanio.com/view/photo/s_ratio_poster/public/p799081644.jpg,2025-07-14 17:13:46,series
35166217,鲸的秘密,美剧,9.5,https://img3.doubanio.com/view/photo/s_ratio_poster/public/p2634578332.jpg,2025-07-14 17:13:46,series
34437523,姿态 第三季,美剧,9.2,https://img3.doubanio.com/view/photo/s_ratio_poster/public/p2639093447.jpg,2025-07-14 17:13:53,series
26636273,当我们崛起时,美剧,9.3,https://img3.doubanio.com/view/photo/s_ratio_poster/public/p2509728523.jpg,2025-07-14 17:13:53,series
35048728,曼达洛人 第三季,美剧,9.0,https://img3.doubanio.com/view/photo/s_ratio_poster/public/p2887343397.jpg,2025-07-14 17:13:53,series
3326764,永生之酒,美剧,9.0,https://img9.doubanio.com/view/photo/s_ratio_poster/public/p2194445896.jpg,2025-07-14 17:13:53,series
25884541,汉尼拔 第三季,美剧,9.0,https://img9.doubanio.com/view/photo/s_ratio_poster/public/p2241793984.jpg,2025-07-14 17:13:53,series
30454225,极品老妈 第八季,美剧,9.2,https://img9.doubanio.com/view/photo/s_ratio_poster/public/p2624647285.jpg,2025-07-14 17:13:53,series
36067160,万神殿 第二季,美剧,9.0,https://img2.doubanio.com/view/photo/s_ratio_poster/public/p2899610681.jpg,2025-07-14 17:13:53,series
10781865,斯巴达克斯：诅咒者之战 第三季,美剧,9.0,https://img2.doubanio.com/view/photo/s_ratio_poster/public/p1628803131.jpg,2025-07-14 17:13:53,series
4120658,教父(电视剧重剪版),美剧,9.5,https://img3.doubanio.com/view/photo/s_ratio_poster/public/p2220320612.jpg,2025-07-14 17:13:53,series
35303841,弗兰·勒博维茨：假装我们在城市,美剧,9.0,https://img9.doubanio.com/view/photo/s_ratio_poster/public/p2629337555.jpg,2025-07-14 17:13:53,series
26735801,识骨寻踪 第十二季,美剧,9.2,https://img1.doubanio.com/view/photo/s_ratio_poster/public/p2367158328.jpg,2025-07-14 17:14:01,series
36910966,绝望写手 第四季,美剧,9.1,https://img1.doubanio.com/view/photo/s_ratio_poster/public/p2919270400.jpg,2025-07-14 17:14:01,series
34996025,午夜福音,美剧,9.1,https://img9.doubanio.com/view/photo/s_ratio_poster/public/p2666783385.jpg,2025-07-14 17:14:01,series
6845671,荒野求生 第七季,美剧,9.3,https://img9.doubanio.com/view/photo/s_ratio_poster/public/p2244627286.jpg,2025-07-14 17:14:01,series
36292415,史前星球 第二季,美剧,9.2,https://img2.doubanio.com/view/photo/s_ratio_poster/public/p2891484301.jpg,2025-07-14 17:14:01,series
3285421,波士顿法律  第五季,美剧,9.2,https://img9.doubanio.com/view/photo/s_ratio_poster/public/p2514686325.jpg,2025-07-14 17:14:01,series
35284424,冥想指南,美剧,9.2,https://img9.doubanio.com/view/photo/s_ratio_poster/public/p2629587265.jpg,2025-07-14 17:14:01,series
1875038,加里森敢死队,美剧,9.1,https://img9.doubanio.com/view/photo/s_ratio_poster/public/p1087038184.jpg,2025-07-14 17:14:01,series
34840075,抽象：设计的艺术 第二季,美剧,9.3,https://img3.doubanio.com/view/photo/s_ratio_poster/public/p2570017843.jpg,2025-07-14 17:14:01,series
4296165,动物世界,美剧,9.3,https://img1.doubanio.com/view/photo/s_ratio_poster/public/p2571256578.jpg,2025-07-14 17:14:01,series
2153951,六尺之下 第五季,美剧,9.3,https://img3.doubanio.com/view/photo/s_ratio_poster/public/p2199214573.jpg,2025-07-14 17:14:10,series
35580057,转折点：911与反恐战争,美剧,9.1,https://img9.doubanio.com/view/photo/s_ratio_poster/public/p2678911705.jpg,2025-07-14 17:14:10,series
1462550,萤火虫,美剧,9.0,https://img1.doubanio.com/view/photo/s_ratio_poster/public/p2890756360.jpg,2025-07-14 17:14:10,series
19971696,俗世乐土 第二季,美剧,9.2,https://img9.doubanio.com/view/photo/s_ratio_poster/public/p2492888944.jpg,2025-07-14 17:14:10,series
2133370,冷战疑云,美剧,9.0,https://img3.doubanio.com/view/photo/s_ratio_poster/public/p2870638763.jpg,2025-07-14 17:14:10,series
35914829,安多 第二季,美剧,9.0,https://img1.doubanio.com/view/photo/s_ratio_poster/public/p2919086768.jpg,2025-07-14 17:14:10,series
36044855,超凡动物奇观,美剧,9.5,https://img3.doubanio.com/view/photo/s_ratio_poster/public/p2877248002.jpg,2025-07-14 17:14:10,series
30188053,相对宇宙 第二季,美剧,9.0,https://img9.doubanio.com/view/photo/s_ratio_poster/public/p2537095266.jpg,2025-07-14 17:14:10,series
30332518,堕落街传奇 第三季,美剧,9.1,https://img1.doubanio.com/view/photo/s_ratio_poster/public/p2568332059.jpg,2025-07-14 17:14:10,series
35796339,好想做一次 第四季,美剧,8.9,https://img9.doubanio.com/view/photo/s_ratio_poster/public/p2892241985.jpg,2025-07-14 17:14:10,series
33413635,我的小马驹：友谊大魔法 第九季,美剧,9.3,https://img1.doubanio.com/view/photo/s_ratio_poster/public/p2614751529.jpg,2025-07-14 17:14:15,series
36508122,瑞克和莫蒂 第八季,美剧,9.1,https://img1.doubanio.com/view/photo/s_ratio_poster/public/p2921042009.jpg,2025-07-14 17:14:15,series
19965491,如果还有明天：来世 第四季,美剧,9.3,https://img3.doubanio.com/view/photo/s_ratio_poster/public/p2910913173.jpg,2025-07-14 17:14:15,series
3115078,史努比的故事,美剧,9.3,https://img1.doubanio.com/view/photo/s_ratio_poster/public/p2572384930.jpg,2025-07-14 17:14:15,series
1865139,怪胎与书呆,美剧,9.1,https://img3.doubanio.com/view/photo/s_ratio_poster/public/p2495701123.jpg,2025-07-14 17:14:15,series
35591396,同路人,美剧,8.9,https://img3.doubanio.com/view/photo/s_ratio_poster/public/p2902963512.jpg,2025-07-14 17:14:15,series
27182517,美国囧案 第二季,美剧,9.1,https://img3.doubanio.com/view/photo/s_ratio_poster/public/p2535276707.jpg,2025-07-14 17:14:15,series
34950039,从暗到明：电视与彩虹史,美剧,9.3,https://img3.doubanio.com/view/photo/s_ratio_poster/public/p2588172927.jpg,2025-07-14 17:14:15,series
27611433,异狂国度,美剧,9.1,https://img3.doubanio.com/view/photo/s_ratio_poster/public/p2519763003.jpg,2025-07-14 17:14:15,series
33383560,水深火热的星球,美剧,9.2,https://img3.doubanio.com/view/photo/s_ratio_poster/public/p2551957557.jpg,2025-07-14 17:14:15,series
26802955,美国谍梦 第六季,美剧,9.2,https://img3.doubanio.com/view/photo/s_ratio_poster/public/p2513663032.jpg,2025-07-14 17:14:24,series
2138613,正义战士,美剧,9.1,https://img1.doubanio.com/view/photo/s_ratio_poster/public/p2153330458.jpg,2025-07-14 17:14:24,series
26946433,全能侦探社 第二季,美剧,8.9,https://img9.doubanio.com/view/photo/s_ratio_poster/public/p2542034725.jpg,2025-07-14 17:14:24,series
34973325,非典型少年 第四季,美剧,9.0,https://img3.doubanio.com/view/photo/s_ratio_poster/public/p2659272517.jpg,2025-07-14 17:14:24,series
26088510,双峰 第三季,美剧,8.9,https://img9.doubanio.com/view/photo/s_ratio_poster/public/p2434434204.jpg,2025-07-14 17:14:24,series
30441731,东城梦魇,美剧,8.8,https://img1.doubanio.com/view/photo/s_ratio_poster/public/p2637878518.jpg,2025-07-14 17:14:24,series
3560701,猫和老鼠传奇 第二季,美剧,9.3,https://img9.doubanio.com/view/photo/s_ratio_poster/public/p2888222914.jpg,2025-07-14 17:14:24,series
27195401,大小谎言 第二季,美剧,8.8,https://img9.doubanio.com/view/photo/s_ratio_poster/public/p2558544696.jpg,2025-07-14 17:14:24,series
36151441,约翰·威尔逊的十万个怎么做 第三季,美剧,9.1,https://img3.doubanio.com/view/photo/s_ratio_poster/public/p2895491347.jpg,2025-07-14 17:14:24,series
34991571,恶魔城 第四季,美剧,9.0,https://img3.doubanio.com/view/photo/s_ratio_poster/public/p2640523042.jpg,2025-07-14 17:14:24,series
30204361,韦恩 第一季,美剧,8.8,https://img1.doubanio.com/view/photo/s_ratio_poster/public/p2545419100.jpg,2025-07-14 17:14:31,series
1394445,西部风云,美剧,9.1,https://img3.doubanio.com/view/photo/s_ratio_poster/public/p2896358467.jpg,2025-07-14 17:14:31,series
27008551,心灵猎人 第二季,美剧,8.8,https://img1.doubanio.com/view/photo/s_ratio_poster/public/p2565381508.jpg,2025-07-14 17:14:31,series
2246799,我的朋友们：跳跳虎和小熊维尼,美剧,9.0,https://img1.doubanio.com/view/photo/s_ratio_poster/public/p2553369300.jpg,2025-07-14 17:14:31,series
2131678,约翰·亚当斯,美剧,9.0,https://img3.doubanio.com/view/photo/s_ratio_poster/public/p1573248357.jpg,2025-07-14 17:14:31,series
26421342,少年嘻哈梦,美剧,9.1,https://img9.doubanio.com/view/photo/s_ratio_poster/public/p2373283526.jpg,2025-07-14 17:14:31,series
5370010,斯巴达克斯：竞技场之神,美剧,8.8,https://img3.doubanio.com/view/photo/s_ratio_poster/public/p718620592.jpg,2025-07-14 17:14:31,series
35136700,婚姻生活,美剧,8.8,https://img1.doubanio.com/view/photo/s_ratio_poster/public/p2677152529.jpg,2025-07-14 17:14:31,series
34822465,氰化欢乐秀 第四季,美剧,9.3,https://img1.doubanio.com/view/photo/s_ratio_poster/public/p2570652278.jpg,2025-07-14 17:14:31,series
3169632,当我们离开地球：美国国家航空航天局的太空行动,美剧,9.4,https://img3.doubanio.com/view/photo/s_ratio_poster/public/p2183692712.jpg,2025-07-14 17:14:31,series
27098420,芭比之梦想豪宅 第七季,美剧,9.2,https://img2.doubanio.com/view/photo/s_ratio_poster/public/p2546473741.jpg,2025-07-14 17:14:40,series
26639627,深入大脑,美剧,9.4,https://img9.doubanio.com/view/photo/s_ratio_poster/public/p2577395174.jpg,2025-07-14 17:14:40,series
4203806,宋飞正传 第九季,美剧,9.3,https://img9.doubanio.com/view/photo/s_ratio_poster/public/p2508702894.jpg,2025-07-14 17:14:40,series
35159753,毒枭：墨西哥 第三季,美剧,8.8,https://img3.doubanio.com/view/photo/s_ratio_poster/public/p2701186767.jpg,2025-07-14 17:14:40,series
27099297,天命之女,美剧,9.3,https://img3.doubanio.com/view/photo/s_ratio_poster/public/p2494322042.jpg,2025-07-14 17:14:40,series
30216753,真爱不死 第三季,美剧,8.8,https://img9.doubanio.com/view/photo/s_ratio_poster/public/p2550539784.jpg,2025-07-14 17:14:40,series
34454750,难以伺候 第四季,美剧,9.1,https://img1.doubanio.com/view/photo/s_ratio_poster/public/p2867497410.jpg,2025-07-14 17:14:40,series
36937391,梦境制片厂,美剧,8.8,https://img1.doubanio.com/view/photo/s_ratio_poster/public/p2915568509.jpg,2025-07-14 17:14:40,series
4739954,新成长的烦恼  第二季,美剧,9.1,https://img3.doubanio.com/view/photo/s_ratio_poster/public/p2915586317.jpg,2025-07-14 17:14:40,series
1484988,麦德兰,美剧,9.1,https://img9.doubanio.com/view/photo/s_ratio_poster/public/p2518077936.jpg,2025-07-14 17:14:40,series
36370737,良医 第七季,美剧,9.0,https://img9.doubanio.com/view/photo/s_ratio_poster/public/p2903141594.jpg,2025-07-14 17:14:46,series
30174606,与猎豹同行,美剧,9.6,https://img2.doubanio.com/view/photo/s_ratio_poster/public/p2555770361.jpg,2025-07-14 17:14:46,series
33442359,逍遥法外 第六季,美剧,8.9,https://img9.doubanio.com/view/photo/s_ratio_poster/public/p2568651494.jpg,2025-07-14 17:14:46,series
11504572,马达加斯加企鹅 第三季,美剧,9.2,https://img1.doubanio.com/view/photo/s_ratio_poster/public/p2527521669.jpg,2025-07-14 17:14:46,series
25885786,超感神探 第七季,美剧,9.0,https://img3.doubanio.com/view/photo/s_ratio_poster/public/p2214284977.jpg,2025-07-14 17:14:46,series
36156271,片厂风云 第一季,美剧,8.8,https://img1.doubanio.com/view/photo/s_ratio_poster/public/p2919141958.jpg,2025-07-14 17:14:46,series
35558910,猫和老鼠 第一季,美剧,9.3,https://img9.doubanio.com/view/photo/s_ratio_poster/public/p2874786626.jpg,2025-07-14 17:14:46,series
25912858,寻 第二季,美剧,8.8,https://img2.doubanio.com/view/photo/s_ratio_poster/public/p2217429351.jpg,2025-07-14 17:14:46,series
27599118,被点亮的星球 第一季,美剧,9.1,https://img9.doubanio.com/view/photo/s_ratio_poster/public/p2522328254.jpg,2025-07-14 17:14:46,series
26702166,都市女孩 第六季,美剧,9.0,https://img3.doubanio.com/view/photo/s_ratio_poster/public/p2413186042.jpg,2025-07-14 17:14:46,series
36066726,彩排 第二季,美剧,9.2,https://img9.doubanio.com/view/photo/s_ratio_poster/public/p2920143154.jpg,2025-07-14 17:14:54,series
35524249,蓝眼武士 第一季,美剧,8.7,https://img9.doubanio.com/view/photo/s_ratio_poster/public/p2899489314.jpg,2025-07-14 17:14:54,series
1901672,奈德梦游记,美剧,9.1,https://img2.doubanio.com/view/photo/s_ratio_poster/public/p2589637501.jpg,2025-07-14 17:14:54,series
35209701,和平使者 第一季,美剧,8.7,https://img1.doubanio.com/view/photo/s_ratio_poster/public/p2759888858.jpg,2025-07-14 17:14:54,series
25850680,幻程故事,美剧,9.4,https://img3.doubanio.com/view/photo/s_ratio_poster/public/p2585828023.jpg,2025-07-14 17:14:54,series
20558374,罪夜之奔,美剧,8.7,https://img3.doubanio.com/view/photo/s_ratio_poster/public/p2359682977.jpg,2025-07-14 17:14:54,series
1297913,荆棘鸟,美剧,8.9,https://img3.doubanio.com/view/photo/s_ratio_poster/public/p1293845617.jpg,2025-07-14 17:14:54,series
30281493,孤注一掷：曼彻斯特城,美剧,9.1,https://img1.doubanio.com/view/photo/s_ratio_poster/public/p2531539960.jpg,2025-07-14 17:14:54,series
25884488,不死法医,美剧,8.7,https://img1.doubanio.com/view/photo/s_ratio_poster/public/p2894018750.jpg,2025-07-14 17:14:54,series
3621340,疯狂兔宝贝,美剧,9.1,https://img9.doubanio.com/view/photo/s_ratio_poster/public/p2870652794.jpg,2025-07-14 17:14:54,series
26415434,雷普利,美剧,8.7,https://img3.doubanio.com/view/photo/s_ratio_poster/public/p2903600763.jpg,2025-07-14 17:15:00,series
27041235,初代吸血鬼 第五季,美剧,8.8,https://img1.doubanio.com/view/photo/s_ratio_poster/public/p2521466730.jpg,2025-07-14 17:15:00,series
2296012,三个臭皮匠,美剧,9.4,https://img3.doubanio.com/view/photo/s_ratio_poster/public/p2521410712.jpg,2025-07-14 17:15:00,series
35604181,企鹅人 第一季,美剧,8.7,https://img1.doubanio.com/view/photo/s_ratio_poster/public/p2911831149.jpg,2025-07-14 17:15:00,series
36148957,我们的星球 第二季,美剧,9.1,https://img1.doubanio.com/view/photo/s_ratio_poster/public/p2891541240.jpg,2025-07-14 17:15:00,series
27119330,单挑荒野 第三季,美剧,9.5,https://img9.doubanio.com/view/photo/s_ratio_poster/public/p2497010335.jpg,2025-07-14 17:15:00,series
27077503,救援高手 第四季,美剧,9.5,https://img3.doubanio.com/view/photo/s_ratio_poster/public/p2562639012.jpg,2025-07-14 17:15:00,series
30284124,婚外情事 第五季,美剧,9.1,https://img9.doubanio.com/view/photo/s_ratio_poster/public/p2561432996.jpg,2025-07-14 17:15:00,series
1428478,优雅的宇宙,美剧,9.0,https://img3.doubanio.com/view/photo/s_ratio_poster/public/p2556156772.jpg,2025-07-14 17:15:00,series
2030600,大力水手,美剧,8.7,https://img9.doubanio.com/view/photo/s_ratio_poster/public/p2554108126.jpg,2025-07-14 17:15:00,series
25966208,尼克病院 第二季,美剧,9.2,https://img9.doubanio.com/view/photo/s_ratio_poster/public/p2266735414.jpg,2025-07-14 17:15:06,series
30203400,细节 第一季,美剧,9.7,https://img3.doubanio.com/view/photo/s_ratio_poster/public/p2520119552.jpg,2025-07-14 17:15:06,series
34967836,博斯 第七季,美剧,9.2,https://img3.doubanio.com/view/photo/s_ratio_poster/public/p2654915537.jpg,2025-07-14 17:15:06,series
25933360,路易不容易 第五季,美剧,9.1,https://img3.doubanio.com/view/photo/s_ratio_poster/public/p2237769432.jpg,2025-07-14 17:15:06,series
25923092,公园与游憩 第七季,美剧,9.2,https://img9.doubanio.com/view/photo/s_ratio_poster/public/p2234856416.jpg,2025-07-14 17:15:06,series
35608793,阴谋职场 第二季,美剧,8.8,https://img9.doubanio.com/view/photo/s_ratio_poster/public/p2882400824.jpg,2025-07-14 17:15:06,series
30463492,电击少女,美剧,8.7,https://img1.doubanio.com/view/photo/s_ratio_poster/public/p2890367559.jpg,2025-07-14 17:15:06,series
35231038,狄金森 第三季,美剧,8.9,https://img2.doubanio.com/view/photo/s_ratio_poster/public/p2696573341.jpg,2025-07-14 17:15:06,series
35284255,小逗的日子,美剧,8.8,https://img9.doubanio.com/view/photo/s_ratio_poster/public/p2678278466.jpg,2025-07-14 17:15:06,series
3581466,太空堡垒卡拉狄加 第四季,美剧,9.0,https://img3.doubanio.com/view/photo/s_ratio_poster/public/p2518295087.jpg,2025-07-14 17:15:06,series
26302614,请回答1988,韩剧,9.7,https://img9.doubanio.com/view/photo/s_ratio_poster/public/p2272563445.jpg,2025-07-14 17:15:12,series
26995050,新西游记 第四季,韩剧,9.7,https://img3.doubanio.com/view/photo/s_ratio_poster/public/p2461355773.jpg,2025-07-14 17:15:12,series
30364974,新西游记 第六季,韩剧,9.7,https://img2.doubanio.com/view/photo/s_ratio_poster/public/p2539335911.jpg,2025-07-14 17:15:12,series
2360882,搞笑一家人,韩剧,9.6,https://img9.doubanio.com/view/photo/s_ratio_poster/public/p2917815766.jpg,2025-07-14 17:15:12,series
10509888,Running Man,韩剧,9.6,https://img3.doubanio.com/view/photo/s_ratio_poster/public/p2512561572.jpg,2025-07-14 17:15:12,series
30231957,新西游记 第五季,韩剧,9.6,https://img1.doubanio.com/view/photo/s_ratio_poster/public/p2534172628.jpg,2025-07-14 17:15:12,series
27180848,姜食堂,韩剧,9.6,https://img9.doubanio.com/view/photo/s_ratio_poster/public/p2506216135.jpg,2025-07-14 17:15:12,series
30394638,姜食堂 第二季,韩剧,9.6,https://img3.doubanio.com/view/photo/s_ratio_poster/public/p2557585642.jpg,2025-07-14 17:15:12,series
33441897,姜食堂 第三季,韩剧,9.6,https://img1.doubanio.com/view/photo/s_ratio_poster/public/p2561573479.jpg,2025-07-14 17:15:12,series
26895418,新西游记 第三季,韩剧,9.6,https://img1.doubanio.com/view/photo/s_ratio_poster/public/p2411066440.jpg,2025-07-14 17:15:12,series
35161298,新西游记 第八季,韩剧,9.6,https://img3.doubanio.com/view/photo/s_ratio_poster/public/p2621042927.jpg,2025-07-14 17:15:19,series
26775520,新西游记 第二季,韩剧,9.6,https://img1.doubanio.com/view/photo/s_ratio_poster/public/p2336515609.jpg,2025-07-14 17:15:19,series
30465928,大逃脱 第二季,韩剧,9.6,https://img1.doubanio.com/view/photo/s_ratio_poster/public/p2549137830.jpg,2025-07-14 17:15:19,series
34429146,大逃脱 第三季,韩剧,9.6,https://img1.doubanio.com/view/photo/s_ratio_poster/public/p2586164358.jpg,2025-07-14 17:15:19,series
35196730,GOING SEVENTEEN 2020,韩剧,9.7,https://img2.doubanio.com/view/photo/s_ratio_poster/public/p2874895921.jpg,2025-07-14 17:15:19,series
33218224,超级乐队,韩剧,9.6,https://img9.doubanio.com/view/photo/s_ratio_poster/public/p2553660376.jpg,2025-07-14 17:15:19,series
33464863,机智医生生活,韩剧,9.5,https://img1.doubanio.com/view/photo/s_ratio_poster/public/p2586800409.jpg,2025-07-14 17:15:19,series
36053256,苦尽柑来遇见你,韩剧,9.5,https://img1.doubanio.com/view/photo/s_ratio_poster/public/p2919966929.jpg,2025-07-14 17:15:19,series
35049544,机智医生生活 第二季,韩剧,9.5,https://img9.doubanio.com/view/photo/s_ratio_poster/public/p2649727974.jpg,2025-07-14 17:15:19,series
26636816,我亲爱的朋友们,韩剧,9.5,https://img3.doubanio.com/view/photo/s_ratio_poster/public/p2352956717.jpg,2025-07-14 17:15:19,series
36424353,海妖的呼唤：火之岛生存战,韩剧,9.5,https://img1.doubanio.com/view/photo/s_ratio_poster/public/p2895700550.jpg,2025-07-14 17:15:27,series
33459775,新西游记 第七季,韩剧,9.5,https://img9.doubanio.com/view/photo/s_ratio_poster/public/p2574517506.jpg,2025-07-14 17:15:27,series
30255089,大逃脱 第一季,韩剧,9.5,https://img3.doubanio.com/view/photo/s_ratio_poster/public/p2525918692.jpg,2025-07-14 17:15:27,series
25843939,无限挑战,韩剧,9.6,https://img3.doubanio.com/view/photo/s_ratio_poster/public/p2187605203.jpg,2025-07-14 17:15:27,series
34979434,麻浦帅小伙,韩剧,9.5,https://img3.doubanio.com/view/photo/s_ratio_poster/public/p2588431927.jpg,2025-07-14 17:15:27,series
35424801,春季露营,韩剧,9.5,https://img9.doubanio.com/view/photo/s_ratio_poster/public/p2643367766.jpg,2025-07-14 17:15:27,series
4287117,奥林匹斯星传,韩剧,9.5,https://img9.doubanio.com/view/photo/s_ratio_poster/public/p1444653174.jpg,2025-07-14 17:15:27,series
36722428,思想验证区域：The Community,韩剧,9.5,https://img1.doubanio.com/view/photo/s_ratio_poster/public/p2903848858.jpg,2025-07-14 17:15:27,series
27081753,机智牢房生活,韩剧,9.4,https://img2.doubanio.com/view/photo/s_ratio_poster/public/p2506561091.jpg,2025-07-14 17:15:27,series
27602137,我的大叔,韩剧,9.4,https://img1.doubanio.com/view/photo/s_ratio_poster/public/p2560252479.jpg,2025-07-14 17:15:27,series
35727229,Going Seventeen 2021,韩剧,9.7,https://img9.doubanio.com/view/photo/s_ratio_poster/public/p2831546214.jpg,2025-07-14 17:15:34,series
26715586,花样青春：非洲篇,韩剧,9.4,https://img1.doubanio.com/view/photo/s_ratio_poster/public/p2322338109.jpg,2025-07-14 17:15:34,series
33413829,再次出发3,韩剧,9.5,https://img9.doubanio.com/view/photo/s_ratio_poster/public/p2561524385.jpg,2025-07-14 17:15:34,series
35904193,Biong Biong地球游戏厅,韩剧,9.4,https://img3.doubanio.com/view/photo/s_ratio_poster/public/p2874566097.jpg,2025-07-14 17:15:34,series
34440009,街头美食斗士 第二季,韩剧,9.5,https://img9.doubanio.com/view/photo/s_ratio_poster/public/p2566880295.jpg,2025-07-14 17:15:34,series
34815545,新西游记外传：去冰岛的三餐,韩剧,9.4,https://img3.doubanio.com/view/photo/s_ratio_poster/public/p2570034893.jpg,2025-07-14 17:15:34,series
35605389,机智的山村生活,韩剧,9.4,https://img3.doubanio.com/view/photo/s_ratio_poster/public/p2688699322.jpg,2025-07-14 17:15:34,series
35774087,Going Seventeen 2022,韩剧,9.6,https://img3.doubanio.com/view/photo/s_ratio_poster/public/p2874899827.jpg,2025-07-14 17:15:34,series
30463323,新职员诞生记：好人,韩剧,9.4,https://img3.doubanio.com/view/photo/s_ratio_poster/public/p2611009097.jpg,2025-07-14 17:15:34,series
3240806,第五共和国,韩剧,9.5,https://img1.doubanio.com/view/photo/s_ratio_poster/public/p2909021379.jpg,2025-07-14 17:15:34,series
30413189,EXO的爬着梯子世界旅行－EXO高雄及垦丁篇,韩剧,9.5,https://img9.doubanio.com/view/photo/s_ratio_poster/public/p2567399346.jpg,2025-07-14 17:15:40,series
35131204,我独自李食堂,韩剧,9.4,https://img3.doubanio.com/view/photo/s_ratio_poster/public/p2614613962.jpg,2025-07-14 17:15:40,series
25885430,两天一夜 第一季,韩剧,9.6,https://img9.doubanio.com/view/photo/s_ratio_poster/public/p2183028794.jpg,2025-07-14 17:15:40,series
34660401,棒球大联盟,韩剧,9.3,https://img9.doubanio.com/view/photo/s_ratio_poster/public/p2576628266.jpg,2025-07-14 17:15:40,series
35309747,大逃脱 第四季,韩剧,9.4,https://img9.doubanio.com/view/photo/s_ratio_poster/public/p2654533436.jpg,2025-07-14 17:15:40,series
35384036,出差十五夜,韩剧,9.4,https://img9.doubanio.com/view/photo/s_ratio_poster/public/p2634927024.jpg,2025-07-14 17:15:40,series
24851405,爸爸，我们去哪儿？ 第一季,韩剧,9.5,https://img3.doubanio.com/view/photo/s_ratio_poster/public/p2030502287.jpg,2025-07-14 17:15:40,series
30439590,西班牙寄宿,韩剧,9.4,https://img9.doubanio.com/view/photo/s_ratio_poster/public/p2550237136.jpg,2025-07-14 17:15:40,series
25814991,超人回来了,韩剧,9.4,https://img2.doubanio.com/view/photo/s_ratio_poster/public/p2265133061.jpg,2025-07-14 17:15:40,series
26581214,新西游记 第一季,韩剧,9.3,https://img3.doubanio.com/view/photo/s_ratio_poster/public/p2413232753.jpg,2025-07-14 17:15:40,series
35049066,三时三餐 渔村篇 第五季,韩剧,9.4,https://img9.doubanio.com/view/photo/s_ratio_poster/public/p2600098664.jpg,2025-07-14 17:15:48,series
27173317,SJ Returns,韩剧,9.5,https://img2.doubanio.com/view/photo/s_ratio_poster/public/p2502312641.jpg,2025-07-14 17:15:48,series
35382366,机智的露营生活,韩剧,9.3,https://img3.doubanio.com/view/photo/s_ratio_poster/public/p2674133613.jpg,2025-07-14 17:15:48,series
30207995,街头美食斗士,韩剧,9.3,https://img3.doubanio.com/view/photo/s_ratio_poster/public/p2520583697.jpg,2025-07-14 17:15:48,series
35094196,再次出发 韩国篇,韩剧,9.5,https://img1.doubanio.com/view/photo/s_ratio_poster/public/p2615288418.jpg,2025-07-14 17:15:48,series
27097857,三时三餐 海洋牧场篇,韩剧,9.4,https://img1.doubanio.com/view/photo/s_ratio_poster/public/p2531422968.jpg,2025-07-14 17:15:48,series
27611696,再次出发2,韩剧,9.5,https://img3.doubanio.com/view/photo/s_ratio_poster/public/p2516423503.jpg,2025-07-14 17:15:48,series
27168792,花样青春：WINNER篇,韩剧,9.3,https://img3.doubanio.com/view/photo/s_ratio_poster/public/p2503551362.jpg,2025-07-14 17:15:48,series
35876298,意外的旅程,韩剧,9.4,https://img9.doubanio.com/view/photo/s_ratio_poster/public/p2882079674.jpg,2025-07-14 17:15:48,series
26413900,天才：总决赛,韩剧,9.6,https://img9.doubanio.com/view/photo/s_ratio_poster/public/p2247583576.jpg,2025-07-14 17:15:48,series
26801745,三时三餐 高敞篇,韩剧,9.4,https://img3.doubanio.com/view/photo/s_ratio_poster/public/p2362429263.jpg,2025-07-14 17:15:54,series
26877418,三时三餐 渔村篇 第三季,韩剧,9.4,https://img3.doubanio.com/view/photo/s_ratio_poster/public/p2387364417.jpg,2025-07-14 17:15:54,series
27180875,WANNA·ONE GO 第二季,韩剧,9.5,https://img1.doubanio.com/view/photo/s_ratio_poster/public/p2514392038.jpg,2025-07-14 17:15:54,series
27030620,尹食堂 第二季,韩剧,9.3,https://img2.doubanio.com/view/photo/s_ratio_poster/public/p2594497331.jpg,2025-07-14 17:15:54,series
26310143,信号,韩剧,9.2,https://img1.doubanio.com/view/photo/s_ratio_poster/public/p2304228229.jpg,2025-07-14 17:15:54,series
26934346,秘密森林,韩剧,9.2,https://img9.doubanio.com/view/photo/s_ratio_poster/public/p2460119184.jpg,2025-07-14 17:15:54,series
26435723,心里的声音,韩剧,9.2,https://img9.doubanio.com/view/photo/s_ratio_poster/public/p2388072355.jpg,2025-07-14 17:15:54,series
25782798,EXO的真人秀,韩剧,9.3,https://img3.doubanio.com/view/photo/s_ratio_poster/public/p2567266072.jpg,2025-07-14 17:15:54,series
35411003,女高推理班 第二季,韩剧,9.3,https://img3.doubanio.com/view/photo/s_ratio_poster/public/p2758683582.jpg,2025-07-14 17:15:54,series
25870057,未生,韩剧,9.2,https://img9.doubanio.com/view/photo/s_ratio_poster/public/p2217599066.jpg,2025-07-14 17:15:54,series
34815544,秘密森林2,韩剧,9.2,https://img1.doubanio.com/view/photo/s_ratio_poster/public/p2613467730.jpg,2025-07-14 17:16:01,series
23231034,家族诞生 第一季,韩剧,9.5,https://img9.doubanio.com/view/photo/s_ratio_poster/public/p2210835094.jpg,2025-07-14 17:16:01,series
27068596,Live,韩剧,9.2,https://img1.doubanio.com/view/photo/s_ratio_poster/public/p2515942970.jpg,2025-07-14 17:16:01,series
26330921,三时三餐 渔村篇,韩剧,9.4,https://img9.doubanio.com/view/photo/s_ratio_poster/public/p2291998395.jpg,2025-07-14 17:16:01,series
36399684,出差十五夜2：SEVENTEEN篇,韩剧,9.4,https://img9.doubanio.com/view/photo/s_ratio_poster/public/p2893872714.jpg,2025-07-14 17:16:01,series
35584328,IN THE SOOP SEVENTEEN ver.,韩剧,9.5,https://img1.doubanio.com/view/photo/s_ratio_poster/public/p2679701729.jpg,2025-07-14 17:16:01,series
30419717,给你看EXO：EXO娱乐馆,韩剧,9.5,https://img1.doubanio.com/view/photo/s_ratio_poster/public/p2544405069.jpg,2025-07-14 17:16:01,series
26392211,三时三餐 第二季,韩剧,9.4,https://img2.doubanio.com/view/photo/s_ratio_poster/public/p2247282781.jpg,2025-07-14 17:16:01,series
26635359,三时三餐 渔村篇 第二季,韩剧,9.4,https://img1.doubanio.com/view/photo/s_ratio_poster/public/p2278897908.jpg,2025-07-14 17:16:01,series
35033657,如蝶翩翩,韩剧,9.2,https://img1.doubanio.com/view/photo/s_ratio_poster/public/p2633280000.jpg,2025-07-14 17:16:01,series
26675653,花样青春： 冰岛篇,韩剧,9.3,https://img1.doubanio.com/view/photo/s_ratio_poster/public/p2298625939.jpg,2025-07-14 17:16:07,series
26164817,三时三餐 第一季,韩剧,9.3,https://img2.doubanio.com/view/photo/s_ratio_poster/public/p2206594571.jpg,2025-07-14 17:16:07,series
26362785,犯罪现场2,韩剧,9.4,https://img9.doubanio.com/view/photo/s_ratio_poster/public/p2237568945.jpg,2025-07-14 17:16:07,series
35295850,女高推理班 第一季,韩剧,9.2,https://img9.doubanio.com/view/photo/s_ratio_poster/public/p2630096966.jpg,2025-07-14 17:16:07,series
35061586,三时四餐,韩剧,9.3,https://img9.doubanio.com/view/photo/s_ratio_poster/public/p2602878666.jpg,2025-07-14 17:16:07,series
27621266,Super TV,韩剧,9.3,https://img1.doubanio.com/view/photo/s_ratio_poster/public/p2509561110.jpg,2025-07-14 17:16:07,series
30252546,EXO的爬着梯子世界旅行－CBX日本篇,韩剧,9.5,https://img3.doubanio.com/view/photo/s_ratio_poster/public/p2567399553.jpg,2025-07-14 17:16:07,series
26765305,SEVENTEEN 美好的一天－13少年漂流记,韩剧,9.5,https://img3.doubanio.com/view/photo/s_ratio_poster/public/p2544387602.jpg,2025-07-14 17:16:07,series
36015589,虽然没准备什么菜 第一季,韩剧,9.3,https://img9.doubanio.com/view/photo/s_ratio_poster/public/p2876783334.jpg,2025-07-14 17:16:07,series
30464551,浪漫的体质,韩剧,9.1,https://img3.doubanio.com/view/photo/s_ratio_poster/public/p2562126462.jpg,2025-07-14 17:16:07,series
35028876,D.P：逃兵追缉令,韩剧,9.1,https://img2.doubanio.com/view/photo/s_ratio_poster/public/p2674251831.jpg,2025-07-14 17:16:13,series
34929977,Move to Heaven：我是遗物整理师,韩剧,9.1,https://img1.doubanio.com/view/photo/s_ratio_poster/public/p2641916348.jpg,2025-07-14 17:16:13,series
34810435,GOING SEVENTEEN,韩剧,9.6,https://img1.doubanio.com/view/photo/s_ratio_poster/public/p2567376999.jpg,2025-07-14 17:16:13,series
26989826,尹食堂 第一季,韩剧,9.2,https://img1.doubanio.com/view/photo/s_ratio_poster/public/p2447006188.jpg,2025-07-14 17:16:13,series
36399687,既然出生就环游世界2,韩剧,9.3,https://img9.doubanio.com/view/photo/s_ratio_poster/public/p2895803066.jpg,2025-07-14 17:16:13,series
7055683,住在清潭洞,韩剧,9.2,https://img2.doubanio.com/view/photo/s_ratio_poster/public/p1330107821.jpg,2025-07-14 17:16:13,series
34440329,三时三餐 山村篇,韩剧,9.2,https://img3.doubanio.com/view/photo/s_ratio_poster/public/p2564747327.jpg,2025-07-14 17:16:13,series
35604657,运动天才安宰贤,韩剧,9.2,https://img9.doubanio.com/view/photo/s_ratio_poster/public/p2692463995.jpg,2025-07-14 17:16:13,series
33476050,检察官内传,韩剧,9.1,https://img3.doubanio.com/view/photo/s_ratio_poster/public/p2575987487.jpg,2025-07-14 17:16:13,series
26954787,奔跑吧，防弹！,韩剧,9.5,https://img3.doubanio.com/view/photo/s_ratio_poster/public/p2631062497.jpg,2025-07-14 17:16:13,series
25890057,情书(综艺),韩剧,9.3,https://img3.doubanio.com/view/photo/s_ratio_poster/public/p2187052502.jpg,2025-07-14 17:16:21,series
30132485,尹STAY,韩剧,9.2,https://img1.doubanio.com/view/photo/s_ratio_poster/public/p2630252849.jpg,2025-07-14 17:16:21,series
34452976,SJ Returns 3,韩剧,9.4,https://img3.doubanio.com/view/photo/s_ratio_poster/public/p2566877467.jpg,2025-07-14 17:16:21,series
34836658,防弹少年团：新西兰行,韩剧,9.4,https://img9.doubanio.com/view/photo/s_ratio_poster/public/p2574731755.jpg,2025-07-14 17:16:21,series
27013574,防弹少年团：北欧行,韩剧,9.4,https://img3.doubanio.com/view/photo/s_ratio_poster/public/p2454363317.jpg,2025-07-14 17:16:21,series
36857961,Biong Biong地球游戏厅 第三季,韩剧,9.3,https://img9.doubanio.com/view/photo/s_ratio_poster/public/p2920220984.jpg,2025-07-14 17:16:21,series
26021000,人体探险队,韩剧,9.5,https://img3.doubanio.com/view/photo/s_ratio_poster/public/p2207894032.jpg,2025-07-14 17:16:21,series
2215900,洗澡堂老板家的男人们,韩剧,9.1,https://img2.doubanio.com/view/photo/s_ratio_poster/public/p2537467571.jpg,2025-07-14 17:16:21,series
2156723,顺风妇产科,韩剧,9.1,https://img9.doubanio.com/view/photo/s_ratio_poster/public/p2913445034.jpg,2025-07-14 17:16:21,series
35071106,SEVENTEEN: Hit the Road,韩剧,9.7,https://img3.doubanio.com/view/photo/s_ratio_poster/public/p2603667763.jpg,2025-07-14 17:16:21,series
36193784,黑暗荣耀 第二季,韩剧,9.0,https://img1.doubanio.com/view/photo/s_ratio_poster/public/p2887693579.jpg,2025-07-14 17:16:29,series
26322795,六龙飞天,韩剧,9.1,https://img9.doubanio.com/view/photo/s_ratio_poster/public/p2279992886.jpg,2025-07-14 17:16:29,series
35322421,我的解放日志,韩剧,9.0,https://img3.doubanio.com/view/photo/s_ratio_poster/public/p2869925687.jpg,2025-07-14 17:16:29,series
3293687,家门的荣光,韩剧,9.1,https://img1.doubanio.com/view/photo/s_ratio_poster/public/p2510068418.jpg,2025-07-14 17:16:29,series
25777620,天才：游戏的法则,韩剧,9.2,https://img9.doubanio.com/view/photo/s_ratio_poster/public/p2160063244.jpg,2025-07-14 17:16:29,series
36318334,犯罪现场4,韩剧,9.2,https://img3.doubanio.com/view/photo/s_ratio_poster/public/p2903396793.jpg,2025-07-14 17:16:29,series
33401926,啊！因为是男高，所以很幸福,韩剧,9.0,https://img3.doubanio.com/view/photo/s_ratio_poster/public/p2553118867.jpg,2025-07-14 17:16:29,series
30337223,GOT7的Hard Carry 2,韩剧,9.5,https://img1.doubanio.com/view/photo/s_ratio_poster/public/p2539468110.jpg,2025-07-14 17:16:29,series
26752096,花样青春：老挝篇,韩剧,9.2,https://img3.doubanio.com/view/photo/s_ratio_poster/public/p2327650842.jpg,2025-07-14 17:16:29,series
27059183,阳光先生,韩剧,9.0,https://img9.doubanio.com/view/photo/s_ratio_poster/public/p2529390244.jpg,2025-07-14 17:16:29,series
26297399,特殊失踪专案组：失踪的黑色M,韩剧,9.0,https://img9.doubanio.com/view/photo/s_ratio_poster/public/p2230647725.jpg,2025-07-14 17:16:37,series
35448891,窥探：捕食者,韩剧,9.0,https://img9.doubanio.com/view/photo/s_ratio_poster/public/p2643224105.jpg,2025-07-14 17:16:37,series
36404193,既然出生就环游世界3,韩剧,9.3,https://img9.doubanio.com/view/photo/s_ratio_poster/public/p2900768185.jpg,2025-07-14 17:16:37,series
6827710,爆笑虫子 第一季,韩剧,9.1,https://img3.doubanio.com/view/photo/s_ratio_poster/public/p2187843442.jpg,2025-07-14 17:16:37,series
36212725,Going Seventeen 2023,韩剧,9.3,https://img9.doubanio.com/view/photo/s_ratio_poster/public/p2886362756.jpg,2025-07-14 17:16:37,series
25922858,天才：黑色石榴石,韩剧,9.3,https://img3.doubanio.com/view/photo/s_ratio_poster/public/p2199942897.jpg,2025-07-14 17:16:37,series
35497893,宋旻浩的实验室,韩剧,9.1,https://img1.doubanio.com/view/photo/s_ratio_poster/public/p2675945040.jpg,2025-07-14 17:16:37,series
27163351,防弹少年团：夏威夷行,韩剧,9.4,https://img9.doubanio.com/view/photo/s_ratio_poster/public/p2503077594.jpg,2025-07-14 17:16:37,series
27083738,WANNA·ONE GO 第一季,韩剧,9.2,https://img1.doubanio.com/view/photo/s_ratio_poster/public/p2495728229.jpg,2025-07-14 17:16:37,series
34822462,Workman,韩剧,9.2,https://img9.doubanio.com/view/photo/s_ratio_poster/public/p2883757954.jpg,2025-07-14 17:16:37,series
25777644,BIGBANG出道实录,韩剧,9.4,https://img9.doubanio.com/view/photo/s_ratio_poster/public/p2298360705.jpg,2025-07-14 17:16:43,series
30463601,旅行者 第一季,韩剧,9.1,https://img1.doubanio.com/view/photo/s_ratio_poster/public/p2548567719.jpg,2025-07-14 17:16:43,series
30234514,花样爷爷 第四季,韩剧,9.3,https://img9.doubanio.com/view/photo/s_ratio_poster/public/p2528912825.jpg,2025-07-14 17:16:43,series
26717007,爆笑虫子 第三季,韩剧,9.3,https://img1.doubanio.com/view/photo/s_ratio_poster/public/p2918578140.jpg,2025-07-14 17:16:43,series
34966845,犯人就是你 第三季,韩剧,9.1,https://img9.doubanio.com/view/photo/s_ratio_poster/public/p2628489094.jpg,2025-07-14 17:16:43,series
36554113,NANA TOUR with SEVENTEEN,韩剧,9.1,https://img2.doubanio.com/view/photo/s_ratio_poster/public/p2903431861.jpg,2025-07-14 17:16:43,series
27007619,SEVENTEEN 美好的一天在日本,韩剧,9.4,https://img1.doubanio.com/view/photo/s_ratio_poster/public/p2452997019.jpg,2025-07-14 17:16:43,series
35314632,黑暗荣耀,韩剧,8.9,https://img3.doubanio.com/view/photo/s_ratio_poster/public/p2884876907.jpg,2025-07-14 17:16:43,series
26761935,孤单又灿烂的神：鬼怪,韩剧,8.9,https://img1.doubanio.com/view/photo/s_ratio_poster/public/p2402645080.jpg,2025-07-14 17:16:43,series
36085846,Biong Biong地球游戏厅 第二季,韩剧,9.0,https://img9.doubanio.com/view/photo/s_ratio_poster/public/p2891675305.jpg,2025-07-14 17:16:43,series
35206436,超异能族,韩剧,8.9,https://img3.doubanio.com/view/photo/s_ratio_poster/public/p2895751873.jpg,2025-07-14 17:16:50,series
11516684,请回答1997,韩剧,8.9,https://img1.doubanio.com/view/photo/s_ratio_poster/public/p2407174319.jpg,2025-07-14 17:16:50,series
34902595,365：逆转命运的1年,韩剧,8.9,https://img1.doubanio.com/view/photo/s_ratio_poster/public/p2890292820.jpg,2025-07-14 17:16:50,series
30394668,咖啡之友,韩剧,9.0,https://img3.doubanio.com/view/photo/s_ratio_poster/public/p2543926573.jpg,2025-07-14 17:16:50,series
35460374,酒鬼都市女人们,韩剧,8.9,https://img1.doubanio.com/view/photo/s_ratio_poster/public/p2702809980.jpg,2025-07-14 17:16:50,series
27180952,世上最美丽的离别,韩剧,9.0,https://img1.doubanio.com/view/photo/s_ratio_poster/public/p2506780420.jpg,2025-07-14 17:16:50,series
27622822,火星生活,韩剧,8.9,https://img1.doubanio.com/view/photo/s_ratio_poster/public/p2521727980.jpg,2025-07-14 17:16:50,series
30346900,囚犯医生,韩剧,8.9,https://img9.doubanio.com/view/photo/s_ratio_poster/public/p2549329796.jpg,2025-07-14 17:16:50,series
30327898,耀眼,韩剧,8.9,https://img9.doubanio.com/view/photo/s_ratio_poster/public/p2547916146.jpg,2025-07-14 17:16:50,series
27011834,暧昧男子,韩剧,8.9,https://img9.doubanio.com/view/photo/s_ratio_poster/public/p2456625604.jpg,2025-07-14 17:16:50,series
21354116,九回时间旅行,韩剧,8.9,https://img9.doubanio.com/view/photo/s_ratio_poster/public/p2318444934.jpg,2025-07-14 17:16:58,series
27083742,再次出发,韩剧,9.3,https://img1.doubanio.com/view/photo/s_ratio_poster/public/p2493339599.jpg,2025-07-14 17:16:58,series
35525459,新世界：虚拟货币争霸战,韩剧,9.0,https://img9.doubanio.com/view/photo/s_ratio_poster/public/p2714563954.jpg,2025-07-14 17:16:58,series
6558797,High Kick 短腿的反击,韩剧,8.9,https://img9.doubanio.com/view/photo/s_ratio_poster/public/p2535528774.jpg,2025-07-14 17:16:58,series
4728560,人生真美丽,韩剧,9.2,https://img1.doubanio.com/view/photo/s_ratio_poster/public/p2358444690.jpg,2025-07-14 17:16:58,series
34967148,藏宝图,韩剧,9.4,https://img9.doubanio.com/view/photo/s_ratio_poster/public/p2600145805.jpg,2025-07-14 17:16:58,series
35161189,In the SOOP BTS ver.,韩剧,9.3,https://img1.doubanio.com/view/photo/s_ratio_poster/public/p2618975298.jpg,2025-07-14 17:16:58,series
24699897,爆笑虫子 第二季,韩剧,9.2,https://img9.doubanio.com/view/photo/s_ratio_poster/public/p2187843505.jpg,2025-07-14 17:16:58,series
36209047,IN THE SOOP SVT Ver. 第二季,韩剧,9.2,https://img9.doubanio.com/view/photo/s_ratio_poster/public/p2886220656.jpg,2025-07-14 17:16:58,series
33464080,救救梦梦,韩剧,9.4,https://img9.doubanio.com/view/photo/s_ratio_poster/public/p2558044235.jpg,2025-07-14 17:16:58,series
25960755,花样青春：秘鲁篇,韩剧,9.2,https://img9.doubanio.com/view/photo/s_ratio_poster/public/p2196183804.jpg,2025-07-14 17:17:05,series
36152703,惠美李艺彩派,韩剧,9.2,https://img1.doubanio.com/view/photo/s_ratio_poster/public/p2887942789.jpg,2025-07-14 17:17:05,series
25879001,我独居,韩剧,9.0,https://img1.doubanio.com/view/photo/s_ratio_poster/public/p2898557760.jpg,2025-07-14 17:17:05,series
25761094,WINNER出道实录,韩剧,9.1,https://img1.doubanio.com/view/photo/s_ratio_poster/public/p2157318720.jpg,2025-07-14 17:17:05,series
27603697,高校Rapper 第二季,韩剧,9.2,https://img2.doubanio.com/view/photo/s_ratio_poster/public/p2511448891.jpg,2025-07-14 17:17:05,series
34851293,辅佐官2：改变世界的人们,韩剧,8.9,https://img2.doubanio.com/view/photo/s_ratio_poster/public/p2572852221.jpg,2025-07-14 17:17:05,series
26966833,给我钱 第6季,韩剧,9.0,https://img1.doubanio.com/view/photo/s_ratio_poster/public/p2882403378.jpg,2025-07-14 17:17:05,series
30290792,防弹少年团：马耳他岛行,韩剧,9.2,https://img9.doubanio.com/view/photo/s_ratio_poster/public/p2533927436.jpg,2025-07-14 17:17:05,series
25889721,X-MAN,韩剧,9.1,https://img9.doubanio.com/view/photo/s_ratio_poster/public/p2220541835.jpg,2025-07-14 17:17:05,series
2156721,爱情是什么,韩剧,9.1,https://img9.doubanio.com/view/photo/s_ratio_poster/public/p2510071734.jpg,2025-07-14 17:17:05,series
25809181,没关系，是爱情啊,韩剧,8.8,https://img9.doubanio.com/view/photo/s_ratio_poster/public/p2897419204.jpg,2025-07-14 17:17:11,series
25704396,花样爷爷 第一季,韩剧,9.1,https://img9.doubanio.com/view/photo/s_ratio_poster/public/p2097756866.jpg,2025-07-14 17:17:11,series
35524446,非常律师禹英禑,韩剧,8.8,https://img1.doubanio.com/view/photo/s_ratio_poster/public/p2890275679.jpg,2025-07-14 17:17:11,series
30304087,天空之城,韩剧,8.8,https://img2.doubanio.com/view/photo/s_ratio_poster/public/p2539477971.jpg,2025-07-14 17:17:11,series
25994747,杀了我治愈我,韩剧,8.8,https://img1.doubanio.com/view/photo/s_ratio_poster/public/p2508112859.jpg,2025-07-14 17:17:11,series
30198948,iKON TV,韩剧,9.3,https://img1.doubanio.com/view/photo/s_ratio_poster/public/p2532465299.jpg,2025-07-14 17:17:11,series
25802588,Winner TV,韩剧,9.2,https://img1.doubanio.com/view/photo/s_ratio_poster/public/p2164556130.jpg,2025-07-14 17:17:11,series
6521916,东方神起的反转剧场,韩剧,9.0,https://img2.doubanio.com/cuphead/movie-static/pics/tv_default_large.png,2025-07-14 17:17:11,series
26903883,GOT7的HardCarry,韩剧,9.3,https://img9.doubanio.com/view/photo/s_ratio_poster/public/p2568676056.jpg,2025-07-14 17:17:11,series
26969711,呼吸过度,韩剧,8.8,https://img3.doubanio.com/view/photo/s_ratio_poster/public/p2436610917.jpg,2025-07-14 17:17:11,series
25792815,密会,韩剧,8.8,https://img3.doubanio.com/view/photo/s_ratio_poster/public/p2172675717.jpg,2025-07-14 17:17:17,series
25967404,花样爷爷 第二季,韩剧,9.3,https://img1.doubanio.com/view/photo/s_ratio_poster/public/p2413231270.jpg,2025-07-14 17:17:17,series
26815052,青春时代,韩剧,8.8,https://img2.doubanio.com/view/photo/s_ratio_poster/public/p2368554691.jpg,2025-07-14 17:17:17,series
35765484,精神病房也会迎来清晨,韩剧,8.8,https://img9.doubanio.com/view/photo/s_ratio_poster/public/p2899571285.jpg,2025-07-14 17:17:17,series
35441504,我们的蓝调,韩剧,8.8,https://img3.doubanio.com/view/photo/s_ratio_poster/public/p2869322437.jpg,2025-07-14 17:17:17,series
35228790,肩膀舞要跳到什么时候啊,韩剧,8.9,https://img1.doubanio.com/view/photo/s_ratio_poster/public/p2917772440.jpg,2025-07-14 17:17:17,series
35049296,SJ Returns 4,韩剧,9.3,https://img1.doubanio.com/view/photo/s_ratio_poster/public/p2600084400.jpg,2025-07-14 17:17:17,series
35332560,不要回头看,韩剧,9.1,https://img3.doubanio.com/view/photo/s_ratio_poster/public/p2630964413.jpg,2025-07-14 17:17:17,series
30238381,犯人就是你 第二季,韩剧,8.9,https://img1.doubanio.com/view/photo/s_ratio_poster/public/p2571760429.jpg,2025-07-14 17:17:17,series
35933340,快乐酷儿,韩剧,9.0,https://img9.doubanio.com/view/photo/s_ratio_poster/public/p2877800165.jpg,2025-07-14 17:17:17,series
30294088,就算敏感点也无妨,韩剧,8.8,https://img1.doubanio.com/view/photo/s_ratio_poster/public/p2532488048.jpg,2025-07-14 17:17:23,series
26995048,NCT LIFE 艺能修炼会,韩剧,9.3,https://img9.doubanio.com/view/photo/s_ratio_poster/public/p2591311125.jpg,2025-07-14 17:17:23,series
26611682,防弹少年团 美国行,韩剧,9.3,https://img3.doubanio.com/view/photo/s_ratio_poster/public/p2266741237.jpg,2025-07-14 17:17:23,series
25815001,我们结婚了 第二季,韩剧,8.9,https://img1.doubanio.com/view/photo/s_ratio_poster/public/p2298440200.jpg,2025-07-14 17:17:23,series
30135075,雪球计划,韩剧,9.4,https://img3.doubanio.com/view/photo/s_ratio_poster/public/p2516295592.jpg,2025-07-14 17:17:23,series
30362017,SJ Returns 2,韩剧,9.1,https://img9.doubanio.com/view/photo/s_ratio_poster/public/p2538045214.jpg,2025-07-14 17:17:23,series
26351868,花样爷爷 第三季,韩剧,9.2,https://img1.doubanio.com/view/photo/s_ratio_poster/public/p2234402410.jpg,2025-07-14 17:17:23,series
27000583,PRODUCE 101 第二季,韩剧,8.8,https://img9.doubanio.com/view/photo/s_ratio_poster/public/p2454902785.jpg,2025-07-14 17:17:23,series
36151602,魔鬼的计谋,韩剧,8.8,https://img3.doubanio.com/view/photo/s_ratio_poster/public/p2898047633.jpg,2025-07-14 17:17:23,series
3226569,风之画员,韩剧,8.8,https://img3.doubanio.com/view/photo/s_ratio_poster/public/p2898473497.jpg,2025-07-14 17:17:23,series
26979545,蓝色星球 第二季,热门,9.8,https://img1.doubanio.com/view/photo/s_ratio_poster/public/p2518413249.jpg,2025-07-14 17:17:31,series
4933235,是，大臣  第三季,热门,9.8,https://img1.doubanio.com/view/photo/s_ratio_poster/public/p2187837418.jpg,2025-07-14 17:17:31,series
5359940,是，首相  第二季,热门,9.8,https://img1.doubanio.com/view/photo/s_ratio_poster/public/p2187836590.jpg,2025-07-14 17:17:31,series
1998799,灌篮高手,热门,9.7,https://img9.doubanio.com/view/photo/s_ratio_poster/public/p2445459194.jpg,2025-07-14 17:17:31,series
2150220,白色巨塔,热门,9.7,https://img3.doubanio.com/view/photo/s_ratio_poster/public/p2892515613.jpg,2025-07-14 17:17:37,series
26752075,排球少年 第三季,热门,9.7,https://img1.doubanio.com/view/photo/s_ratio_poster/public/p2381935440.jpg,2025-07-14 17:17:37,series
26285156,排球少年 第二季,热门,9.7,https://img9.doubanio.com/view/photo/s_ratio_poster/public/p2272736634.jpg,2025-07-14 17:17:37,series
33387353,七个世界，一个星球,热门,9.7,https://img1.doubanio.com/view/photo/s_ratio_poster/public/p2572676219.jpg,2025-07-14 17:17:37,series
33387356,绿色星球,热门,9.7,https://img9.doubanio.com/view/photo/s_ratio_poster/public/p2810563304.jpg,2025-07-14 17:17:42,series
1782004,哆啦A梦,热门,9.6,https://img2.doubanio.com/view/photo/s_ratio_poster/public/p2510688261.jpg,2025-07-14 17:17:42,series
22623816,我们的父辈,热门,9.6,https://img1.doubanio.com/view/photo/s_ratio_poster/public/p2182571149.jpg,2025-07-14 17:17:42,series
2057171,银魂,热门,9.6,https://img9.doubanio.com/view/photo/s_ratio_poster/public/p2267457536.jpg,2025-07-14 17:17:48,series
30238385,强风吹拂,热门,9.6,https://img3.doubanio.com/view/photo/s_ratio_poster/public/p2535645337.jpg,2025-07-14 17:17:48,series
1424406,星际牛仔,热门,9.6,https://img1.doubanio.com/view/photo/s_ratio_poster/public/p2011424828.jpg,2025-07-14 17:17:48,series
25732103,排球少年,热门,9.6,https://img2.doubanio.com/view/photo/s_ratio_poster/public/p2178189911.jpg,2025-07-14 17:17:48,series
5967223,夏目友人帐 第三季,热门,9.6,https://img9.doubanio.com/view/photo/s_ratio_poster/public/p2210833325.jpg,2025-07-14 17:17:48,series
25984031,JOJO的奇妙冒险 星尘斗士 埃及篇,热门,9.6,https://img2.doubanio.com/view/photo/s_ratio_poster/public/p2254773041.jpg,2025-07-14 17:17:48,series
6855097,夏目友人帐 第四季,热门,9.6,https://img3.doubanio.com/view/photo/s_ratio_poster/public/p1971342267.jpg,2025-07-14 17:17:55,series
1302958,憨豆先生,热门,9.6,https://img3.doubanio.com/view/photo/s_ratio_poster/public/p2521404713.jpg,2025-07-14 17:17:55,series
26939247,夏目友人帐 第六季,热门,9.6,https://img2.doubanio.com/view/photo/s_ratio_poster/public/p2440659631.jpg,2025-07-14 17:17:55,series
5950117,人类星球,热门,9.7,https://img9.doubanio.com/view/photo/s_ratio_poster/public/p2900050434.jpg,2025-07-14 17:17:55,series
33387357,地球脉动 第三季,热门,9.7,https://img3.doubanio.com/view/photo/s_ratio_poster/public/p2900052007.jpg,2025-07-14 17:17:55,series
3538051,哆啦A梦,热门,9.6,https://img1.doubanio.com/view/photo/s_ratio_poster/public/p2100245550.jpg,2025-07-14 17:17:55,series
30362315,行星,热门,9.6,https://img2.doubanio.com/view/photo/s_ratio_poster/public/p2557178181.jpg,2025-07-14 17:18:02,series
1779625,假面骑士空我,热门,9.6,https://img1.doubanio.com/view/photo/s_ratio_poster/public/p2344478509.jpg,2025-07-14 17:18:02,series
27140017,非自然死亡,热门,9.5,https://img2.doubanio.com/view/photo/s_ratio_poster/public/p2554348811.jpg,2025-07-14 17:18:02,series
27053768,伦敦生活 第二季,热门,9.5,https://img1.doubanio.com/view/photo/s_ratio_poster/public/p2549814120.jpg,2025-07-14 17:18:08,series
1453238,海贼王,热门,9.5,https://img1.doubanio.com/view/photo/s_ratio_poster/public/p2901784449.jpg,2025-07-14 17:18:08,series
26811832,羞耻 第三季,热门,9.5,https://img3.doubanio.com/view/photo/s_ratio_poster/public/p2409046767.jpg,2025-07-14 17:18:08,series
3430169,钢之炼金术师FA,热门,9.5,https://img9.doubanio.com/view/photo/s_ratio_poster/public/p2225808366.jpg,2025-07-14 17:18:08,series
33387354,完美星球,热门,9.6,https://img1.doubanio.com/view/photo/s_ratio_poster/public/p2628862799.jpg,2025-07-14 17:18:08,series
27011763,灵能百分百 II,热门,9.5,https://img9.doubanio.com/view/photo/s_ratio_poster/public/p2540111206.jpg,2025-07-14 17:18:08,series
36093351,葬送的芙莉莲,热门,9.5,https://img9.doubanio.com/view/photo/s_ratio_poster/public/p2897218476.jpg,2025-07-14 17:18:16,series
1460915,混沌武士,热门,9.5,https://img3.doubanio.com/view/photo/s_ratio_poster/public/p2330163082.jpg,2025-07-14 17:18:16,series
1476254,福尔摩斯历险记,热门,9.6,https://img3.doubanio.com/view/photo/s_ratio_poster/public/p2511443412.jpg,2025-07-14 17:18:16,series
1460919,全职猎人,热门,9.5,https://img9.doubanio.com/view/photo/s_ratio_poster/public/p2158657076.jpg,2025-07-14 17:18:16,series
3230813,团子大家族 第二季,热门,9.5,https://img9.doubanio.com/view/photo/s_ratio_poster/public/p2221182844.jpg,2025-07-14 17:18:16,series
35644319,吉伊卡哇,热门,9.6,https://img3.doubanio.com/view/photo/s_ratio_poster/public/p2892879642.jpg,2025-07-14 17:18:16,series
4135259,生命,热门,9.6,https://img9.doubanio.com/view/photo/s_ratio_poster/public/p1506791425.jpg,2025-07-14 17:18:24,series
36463368,夏目友人帐 第七季,热门,9.5,https://img3.doubanio.com/view/photo/s_ratio_poster/public/p2912426882.jpg,2025-07-14 17:18:24,series
30181230,我们与恶的距离,热门,9.4,https://img9.doubanio.com/view/photo/s_ratio_poster/public/p2554916825.jpg,2025-07-14 17:18:24,series
36156235,重启人生,热门,9.4,https://img3.doubanio.com/view/photo/s_ratio_poster/public/p2886331572.jpg,2025-07-14 17:18:29,series
10491666,胜者即是正义,热门,9.4,https://img2.doubanio.com/view/photo/s_ratio_poster/public/p1901775591.jpg,2025-07-14 17:18:29,series
23997724,胜者即是正义2,热门,9.4,https://img9.doubanio.com/view/photo/s_ratio_poster/public/p2171877514.jpg,2025-07-14 17:18:29,series
3060542,夏目友人帐,热门,9.4,https://img2.doubanio.com/view/photo/s_ratio_poster/public/p2221083211.jpg,2025-07-14 17:18:29,series
25806638,半泽直树2,热门,9.4,https://img1.doubanio.com/view/photo/s_ratio_poster/public/p2628681818.jpg,2025-07-14 17:18:29,series
3763523,盖亚奥特曼,热门,9.5,https://img9.doubanio.com/view/photo/s_ratio_poster/public/p2519988615.jpg,2025-07-14 17:18:29,series
26339248,一拳超人,热门,9.4,https://img2.doubanio.com/view/photo/s_ratio_poster/public/p2265301781.jpg,2025-07-14 17:18:35,series
26677934,灵能百分百,热门,9.4,https://img3.doubanio.com/view/photo/s_ratio_poster/public/p2358698477.jpg,2025-07-14 17:18:35,series
26801048,齐木楠雄的灾难,热门,9.4,https://img9.doubanio.com/view/photo/s_ratio_poster/public/p2356774246.jpg,2025-07-14 17:18:35,series
35679677,跃动青春,热门,9.4,https://img3.doubanio.com/view/photo/s_ratio_poster/public/p2888477017.jpg,2025-07-14 17:18:35,series
1800597,虫师,热门,9.4,https://img3.doubanio.com/view/photo/s_ratio_poster/public/p2242716237.jpg,2025-07-14 17:18:35,series
1782006,七龙珠,热门,9.4,https://img3.doubanio.com/view/photo/s_ratio_poster/public/p2190442032.jpg,2025-07-14 17:18:35,series
23774708,JOJO的奇妙冒险 星尘斗士,热门,9.4,https://img1.doubanio.com/view/photo/s_ratio_poster/public/p2154661839.jpg,2025-07-14 17:18:43,series
26650051,JOJO的奇妙冒险 不灭钻石,热门,9.4,https://img3.doubanio.com/view/photo/s_ratio_poster/public/p2327887093.jpg,2025-07-14 17:18:43,series
2340927,怪化猫,热门,9.4,https://img3.doubanio.com/view/photo/s_ratio_poster/public/p1995752943.jpg,2025-07-14 17:18:43,series
26946411,齐木楠雄的灾难 第二季,热门,9.4,https://img9.doubanio.com/view/photo/s_ratio_poster/public/p2506713014.jpg,2025-07-14 17:18:43,series
4303624,母亲,热门,9.4,https://img9.doubanio.com/view/photo/s_ratio_poster/public/p2590122846.jpg,2025-07-14 17:18:43,series
4848701,日常,热门,9.4,https://img3.doubanio.com/view/photo/s_ratio_poster/public/p2363142442.jpg,2025-07-14 17:18:43,series
4850563,IT狂人 第四季,热门,9.4,https://img9.doubanio.com/view/photo/s_ratio_poster/public/p2273033886.jpg,2025-07-14 17:18:49,series
26254370,唐顿庄园 第六季,热门,9.4,https://img1.doubanio.com/view/photo/s_ratio_poster/public/p2286397618.jpg,2025-07-14 17:18:49,series
6748086,全职猎人2011,热门,9.4,https://img9.doubanio.com/view/photo/s_ratio_poster/public/p1948194075.jpg,2025-07-14 17:18:49,series
1986021,西瓜,热门,9.4,https://img1.doubanio.com/view/photo/s_ratio_poster/public/p2187874468.jpg,2025-07-14 17:18:49,series
30358098,摇曳露营△ 第二季,热门,9.5,https://img1.doubanio.com/view/photo/s_ratio_poster/public/p2628004719.jpg,2025-07-14 17:18:49,series
4059087,布莱克书店  第三季,热门,9.4,https://img3.doubanio.com/view/photo/s_ratio_poster/public/p2508998947.jpg,2025-07-14 17:18:57,series
36666524,克拉克森的农场 第四季,热门,9.5,https://img3.doubanio.com/view/photo/s_ratio_poster/public/p2921842277.jpg,2025-07-14 17:18:57,series
33438250,别对映像研出手！,热门,9.4,https://img9.doubanio.com/view/photo/s_ratio_poster/public/p2584313356.jpg,2025-07-14 17:18:57,series
27077082,摇曳露营△,热门,9.4,https://img9.doubanio.com/view/photo/s_ratio_poster/public/p2508739716.jpg,2025-07-14 17:18:57,series
1476754,今夜不设防,热门,9.5,https://img3.doubanio.com/view/photo/s_ratio_poster/public/p2899741823.jpg,2025-07-14 17:19:05,series
2264570,奈克瑟斯奥特曼,热门,9.4,https://img1.doubanio.com/view/photo/s_ratio_poster/public/p2519988760.jpg,2025-07-14 17:19:05,series
30428368,擅长捉弄的高木同学 第二季,热门,9.4,https://img9.doubanio.com/view/photo/s_ratio_poster/public/p2869450246.jpg,2025-07-14 17:19:05,series
34785763,俗女养成记,热门,9.3,https://img9.doubanio.com/view/photo/s_ratio_poster/public/p2566987435.jpg,2025-07-14 17:19:05,series
34979008,以你的心诠释我的爱,热门,9.3,https://img9.doubanio.com/view/photo/s_ratio_poster/public/p2622131925.jpg,2025-07-14 17:19:05,series
1457573,新世纪福音战士,热门,9.3,https://img1.doubanio.com/view/photo/s_ratio_poster/public/p2026157878.jpg,2025-07-14 17:19:11,series
35215517,俗女养成记2,热门,9.3,https://img3.doubanio.com/view/photo/s_ratio_poster/public/p2676295767.jpg,2025-07-14 17:19:11,series
3904603,假面骑士W,热门,9.4,https://img2.doubanio.com/view/photo/s_ratio_poster/public/p2589107401.jpg,2025-07-14 17:19:11,series
1438760,东京爱情故事,热门,9.3,https://img2.doubanio.com/view/photo/s_ratio_poster/public/p2554261701.jpg,2025-07-14 17:19:11,series
34813210,鬼灭之刃 游郭篇,热门,9.3,https://img3.doubanio.com/view/photo/s_ratio_poster/public/p2851359433.jpg,2025-07-14 17:19:11,series
1301174,傲慢与偏见,热门,9.3,https://img1.doubanio.com/view/photo/s_ratio_poster/public/p2184360268.jpg,2025-07-14 17:19:11,series
35620761,鬼灭之刃 无限列车篇,热门,9.3,https://img9.doubanio.com/view/photo/s_ratio_poster/public/p2694561204.jpg,2025-07-14 17:19:18,series
1436674,悠长假期,热门,9.3,https://img1.doubanio.com/view/photo/s_ratio_poster/public/p2162760408.jpg,2025-07-14 17:19:18,series
25850705,月刊少女野崎君,热门,9.3,https://img1.doubanio.com/view/photo/s_ratio_poster/public/p2191065569.jpg,2025-07-14 17:19:18,series
1431683,蜡笔小新,热门,9.3,https://img9.doubanio.com/view/photo/s_ratio_poster/public/p2510330984.jpg,2025-07-14 17:19:18,series
30267255,疼痛难免,热门,9.3,https://img2.doubanio.com/view/photo/s_ratio_poster/public/p2867888861.jpg,2025-07-14 17:19:18,series
1878605,大时代,热门,9.3,https://img1.doubanio.com/view/photo/s_ratio_poster/public/p1930386300.jpg,2025-07-14 17:19:18,series
4925398,命运石之门,热门,9.3,https://img3.doubanio.com/view/photo/s_ratio_poster/public/p1948151693.jpg,2025-07-14 17:19:18,series
1684322,银河英雄传说,热门,9.5,https://img1.doubanio.com/view/photo/s_ratio_poster/public/p2257348358.jpg,2025-07-14 17:19:26,series
30206430,约定的梦幻岛,热门,9.3,https://img9.doubanio.com/view/photo/s_ratio_poster/public/p2602324326.jpg,2025-07-14 17:19:26,series
34605404,JOJO的奇妙冒险 石之海,热门,9.3,https://img1.doubanio.com/view/photo/s_ratio_poster/public/p2753609649.jpg,2025-07-14 17:19:26,series
2053598,火影忍者 疾风传,热门,9.3,https://img9.doubanio.com/view/photo/s_ratio_poster/public/p2554038556.jpg,2025-07-14 17:19:26,series
3004532,反叛的鲁路修R2,热门,9.3,https://img2.doubanio.com/view/photo/s_ratio_poster/public/p1447987261.jpg,2025-07-14 17:19:33,series
36651114,道格拉斯被取消了,热门,9.3,https://img1.doubanio.com/view/photo/s_ratio_poster/public/p2909985538.jpg,2025-07-14 17:19:33,series
35088783,真相捕捉 第二季,热门,9.3,https://img3.doubanio.com/view/photo/s_ratio_poster/public/p2885213932.jpg,2025-07-14 17:19:33,series
1474243,棋魂,热门,9.3,https://img2.doubanio.com/view/photo/s_ratio_poster/public/p2315357261.jpg,2025-07-14 17:19:33,series
4195678,四叠半神话大系,热门,9.3,https://img1.doubanio.com/view/photo/s_ratio_poster/public/p2071123198.jpg,2025-07-14 17:19:33,series
24530511,大侦探波洛 第十三季,热门,9.5,https://img2.doubanio.com/view/photo/s_ratio_poster/public/p2190637161.jpg,2025-07-14 17:19:33,series
2267069,假面骑士龙骑,热门,9.4,https://img3.doubanio.com/view/photo/s_ratio_poster/public/p2544536797.jpg,2025-07-14 17:19:33,series
4050029,二次大战启示录,热门,9.4,https://img1.doubanio.com/view/photo/s_ratio_poster/public/p1715999259.jpg,2025-07-14 17:19:40,series
2161882,男亲女爱,热门,9.3,https://img3.doubanio.com/view/photo/s_ratio_poster/public/p2541467162.jpg,2025-07-14 17:19:40,series
33379430,齐木楠雄的灾难 Ψ始动篇,热门,9.3,https://img2.doubanio.com/view/photo/s_ratio_poster/public/p2574157911.jpg,2025-07-14 17:19:40,series
30174419,冰海战记,热门,9.3,https://img3.doubanio.com/view/photo/s_ratio_poster/public/p2558471577.jpg,2025-07-14 17:19:40,series
10728463,超兽武装之勇者无惧,国产剧,9.7,https://img3.doubanio.com/view/photo/s_ratio_poster/public/p2558254053.jpg,2025-11-20 19:52:01,series
26815163,人间世 第一季,国产剧,9.6,https://img3.doubanio.com/view/photo/s_ratio_poster/public/p2369039272.jpg,2025-11-20 19:52:09,series
34892096,我的三体之章北海传,国产剧,9.6,https://img9.doubanio.com/view/photo/s_ratio_poster/public/p2590648365.jpg,2025-11-20 19:52:09,series
37156504,凡人修仙传：重返天南,国产剧,9.6,https://img9.doubanio.com/view/photo/s_ratio_poster/public/p2924351735.jpg,2025-11-20 19:52:09,series
2259815,生存之民工,国产剧,9.5,https://img9.doubanio.com/view/photo/s_ratio_poster/public/p2187937376.jpg,2025-11-20 19:52:15,series
26737158,明星大侦探 第一季,国产剧,9.4,https://img9.doubanio.com/view/photo/s_ratio_poster/public/p2328705965.jpg,2025-11-20 19:52:21,series
26314530,一千零一夜 第一季,国产剧,9.5,https://img3.doubanio.com/view/photo/s_ratio_poster/public/p2250111417.jpg,2025-11-20 19:52:21,series
4097232,精灵世纪 第一季,国产剧,9.5,https://img3.doubanio.com/view/photo/s_ratio_poster/public/p2633165857.jpg,2025-11-20 19:52:28,series
27182720,如果国宝会说话 第一季,国产剧,9.4,https://img3.doubanio.com/view/photo/s_ratio_poster/public/p2508735192.jpg,2025-11-20 19:52:28,series
36518738,骑有此理 第二季,国产剧,9.6,https://img9.doubanio.com/view/photo/s_ratio_poster/public/p2896909935.jpg,2025-11-20 19:52:28,series
2371872,中华之剑,国产剧,9.6,https://img9.doubanio.com/view/photo/s_ratio_poster/public/p2910977466.jpg,2025-11-20 19:52:35,series
2155164,贞观之治,国产剧,9.3,https://img9.doubanio.com/view/photo/s_ratio_poster/public/p2191877664.jpg,2025-11-20 19:52:43,series
36253896,十三邀 第七季,国产剧,9.3,https://img1.doubanio.com/view/photo/s_ratio_poster/public/p2888380849.jpg,2025-11-20 19:52:43,series
36406324,但是还有书籍 第三季,国产剧,9.4,https://img1.doubanio.com/view/photo/s_ratio_poster/public/p2922552750.jpg,2025-11-20 19:52:50,series
5937977,铠甲勇士刑天,国产剧,9.2,https://img1.doubanio.com/view/photo/s_ratio_poster/public/p2907631248.jpg,2025-11-20 19:52:50,series
10430287,故宫100——看见看不见的紫禁城,国产剧,9.3,https://img9.doubanio.com/view/photo/s_ratio_poster/public/p1703904586.jpg,2025-11-20 19:52:50,series
35136799,众神之地,国产剧,9.2,https://img2.doubanio.com/view/photo/s_ratio_poster/public/p2875636481.jpg,2025-11-20 19:52:58,series
5318129,家有儿女2,国产剧,9.1,https://img2.doubanio.com/view/photo/s_ratio_poster/public/p2318110701.jpg,2025-11-20 19:52:58,series
34896010,画江湖之不良人4,国产剧,9.1,https://img3.doubanio.com/view/photo/s_ratio_poster/public/p2619010287.jpg,2025-11-20 19:53:06,series
30325398,锵锵行天下 第一季,国产剧,9.1,https://img3.doubanio.com/view/photo/s_ratio_poster/public/p2534078057.jpg,2025-11-20 19:53:13,series
35441874,何以中国,国产剧,9.1,https://img3.doubanio.com/view/photo/s_ratio_poster/public/p2899757122.jpg,2025-11-20 19:53:19,series
35231039,守护解放西2,国产剧,9.0,https://img2.doubanio.com/view/photo/s_ratio_poster/public/p2624512671.jpg,2025-11-20 19:53:19,series
26177736,奇葩说 第一季,国产剧,9.0,https://img9.doubanio.com/view/photo/s_ratio_poster/public/p2221154684.jpg,2025-11-20 19:53:25,series
26765330,百家讲坛：女皇武则天,国产剧,9.5,https://img9.doubanio.com/view/photo/s_ratio_poster/public/p2616019696.jpg,2025-11-20 19:53:25,series
35014718,风味人间 第二季,国产剧,9.0,https://img3.doubanio.com/view/photo/s_ratio_poster/public/p2596089823.jpg,2025-11-20 19:53:25,series
2264216,过把瘾,国产剧,9.0,https://img1.doubanio.com/view/photo/s_ratio_poster/public/p2425741229.jpg,2025-11-20 19:53:25,series
36545709,第一人称复数,国产剧,9.1,https://img9.doubanio.com/view/photo/s_ratio_poster/public/p2898384454.jpg,2025-11-20 19:53:25,series
1439452,故宫,国产剧,9.1,https://img3.doubanio.com/view/photo/s_ratio_poster/public/p2909973547.jpg,2025-11-20 19:53:25,series
35365200,书简阅中国,国产剧,9.1,https://img9.doubanio.com/view/photo/s_ratio_poster/public/p2633775776.jpg,2025-11-20 19:53:31,series
36576581,牧神记 年番1,国产剧,9.0,https://img9.doubanio.com/view/photo/s_ratio_poster/public/p2916595576.jpg,2025-11-20 19:53:31,series
37348320,圆桌派 第八季,国产剧,9.3,https://img9.doubanio.com/view/photo/s_ratio_poster/public/p2925321976.jpg,2025-11-20 19:53:31,series
36109006,不止考古·我与三星堆,国产剧,9.0,https://img3.doubanio.com/view/photo/s_ratio_poster/public/p2881138847.jpg,2025-11-20 19:53:37,series
5382880,秦汉英雄传,国产剧,9.3,https://img3.doubanio.com/view/photo/s_ratio_poster/public/p2570145322.jpg,2025-11-20 19:53:37,series
2349361,炊事班的故事,国产剧,8.9,https://img3.doubanio.com/view/photo/s_ratio_poster/public/p2567686322.jpg,2025-11-20 19:53:37,series
27063422,百家讲坛：大风歌,国产剧,9.5,https://img3.doubanio.com/view/photo/s_ratio_poster/public/p2461743842.jpg,2025-11-20 19:53:37,series
35438177,再见爱人 第一季,国产剧,8.9,https://img1.doubanio.com/view/photo/s_ratio_poster/public/p2673374680.jpg,2025-11-20 19:53:45,series
30259908,请吃红小豆吧！第一季,国产剧,8.9,https://img1.doubanio.com/view/photo/s_ratio_poster/public/p2580782378.jpg,2025-11-20 19:53:45,series
34792325,小小少年,国产剧,9.0,https://img9.doubanio.com/view/photo/s_ratio_poster/public/p2565440025.jpg,2025-11-20 19:53:45,series
3401244,暖春,国产剧,8.9,https://img3.doubanio.com/view/photo/s_ratio_poster/public/p2202640047.jpg,2025-11-20 19:53:45,series
36105135,典籍里的中国 第二季,国产剧,9.1,https://img9.doubanio.com/view/photo/s_ratio_poster/public/p2881605354.jpg,2025-11-20 19:53:52,series
34810940,春花子,国产剧,9.3,https://img3.doubanio.com/view/photo/s_ratio_poster/public/p2629015997.jpg,2025-11-20 19:53:52,series
3901451,四世同堂,国产剧,9.1,https://img2.doubanio.com/view/photo/s_ratio_poster/public/p1334112821.jpg,2025-11-20 19:53:52,series
26647087,三体,国产剧,8.8,https://img2.doubanio.com/view/photo/s_ratio_poster/public/p2886492021.jpg,2025-11-20 19:53:52,series
37220616,仙逆 年番2,国产剧,8.9,https://img1.doubanio.com/view/photo/s_ratio_poster/public/p2926462310.jpg,2025-11-20 19:53:52,series
26877469,熊猫杀 第一季,国产剧,9.1,https://img9.doubanio.com/view/photo/s_ratio_poster/public/p2382111984.jpg,2025-11-20 19:54:00,series
27624762,伍六七,国产剧,8.8,https://img3.doubanio.com/view/photo/s_ratio_poster/public/p2707610653.jpg,2025-11-20 19:54:00,series
30345939,魔道祖师 第二季,国产剧,8.8,https://img1.doubanio.com/view/photo/s_ratio_poster/public/p2566791848.jpg,2025-11-20 19:54:00,series
4888230,毛骗 第一季,国产剧,8.8,https://img1.doubanio.com/view/photo/s_ratio_poster/public/p2626206668.jpg,2025-11-20 19:54:00,series
1931974,血色浪漫,国产剧,8.8,https://img3.doubanio.com/view/photo/s_ratio_poster/public/p2045567577.jpg,2025-11-20 19:54:05,series
10514809,云彩面包,国产剧,9.2,https://img9.doubanio.com/view/photo/s_ratio_poster/public/p2552084865.jpg,2025-11-20 19:54:05,series
2156754,魔方大厦,国产剧,8.8,https://img1.doubanio.com/view/photo/s_ratio_poster/public/p2607628829.jpg,2025-11-20 19:54:05,series
4888048,瑶玲啊瑶玲,国产剧,8.9,https://img3.doubanio.com/view/photo/s_ratio_poster/public/p2607630217.jpg,2025-11-20 19:54:05,series
26897019,圆桌派 第一季,国产剧,8.8,https://img2.doubanio.com/view/photo/s_ratio_poster/public/p2390929081.jpg,2025-11-20 19:54:13,series
4812778,至高利益,国产剧,9.3,https://img2.doubanio.com/view/photo/s_ratio_poster/public/p2455627461.jpg,2025-11-20 19:54:13,series
2190973,重案六组2,国产剧,8.8,https://img1.doubanio.com/view/photo/s_ratio_poster/public/p2200064079.jpg,2025-11-20 19:54:13,series
20017773,中国出了个毛泽东,国产剧,9.2,https://img1.doubanio.com/view/photo/s_ratio_poster/public/p2496569099.jpg,2025-11-20 19:54:13,series
3074611,小虎还乡,国产剧,8.8,https://img3.doubanio.com/view/photo/s_ratio_poster/public/p2666504573.jpg,2025-11-20 19:54:13,series
36778966,都是她的错,美剧,9.2,https://img3.doubanio.com/view/photo/s_ratio_poster/public/p2926850312.jpg,2025-11-20 19:54:52,series
10740921,周一清晨,美剧,9.2,https://img9.doubanio.com/view/photo/s_ratio_poster/public/p1987119525.jpg,2025-11-20 19:55:07,series
35812215,猫头鹰魔法社 第三季,美剧,9.5,https://img9.doubanio.com/view/photo/s_ratio_poster/public/p2880355524.jpg,2025-11-20 19:55:07,series
1476269,福尔摩斯新探案,美剧,9.4,https://img3.doubanio.com/view/photo/s_ratio_poster/public/p2511444462.jpg,2025-11-20 19:55:07,series
35358449,1883,美剧,9.0,https://img9.doubanio.com/view/photo/s_ratio_poster/public/p2722371034.jpg,2025-11-20 19:55:19,series
35819117,小丑回魂：欢迎来到德里镇 第一季,美剧,9.0,https://img9.doubanio.com/view/photo/s_ratio_poster/public/p2925484384.jpg,2025-11-20 19:55:31,series
2150463,罗马 第二季,美剧,8.9,https://img9.doubanio.com/view/photo/s_ratio_poster/public/p2187183725.jpg,2025-11-20 19:55:37,series
34915196,岚日志：征途,美剧,9.5,https://img1.doubanio.com/view/photo/s_ratio_poster/public/p2577709089.jpg,2025-11-20 19:55:50,series
36243809,嗜血法医：杀魔复生 第一季,美剧,8.9,https://img3.doubanio.com/view/photo/s_ratio_poster/public/p2922085112.jpg,2025-11-20 19:55:57,series
36697817,镀金时代 第三季,美剧,8.8,https://img3.doubanio.com/view/photo/s_ratio_poster/public/p2922174952.jpg,2025-11-20 19:56:22,series
26738762,无神,美剧,8.7,https://img1.doubanio.com/view/photo/s_ratio_poster/public/p2503066429.jpg,2025-11-20 19:56:30,series
36135937,1923 第二季,美剧,8.7,https://img2.doubanio.com/view/photo/s_ratio_poster/public/p2918020941.jpg,2025-11-20 19:56:30,series
35659891,X战警97 第一季,美剧,8.8,https://img1.doubanio.com/view/photo/s_ratio_poster/public/p2904562869.jpg,2025-11-20 19:56:30,series
30172846,威尔和格蕾丝 第十一季,美剧,9.1,https://img9.doubanio.com/view/photo/s_ratio_poster/public/p2571757696.jpg,2025-11-20 19:56:30,series
33464617,辰志的这个那个,韩剧,9.7,https://img9.doubanio.com/view/photo/s_ratio_poster/public/p2558061506.jpg,2025-11-20 19:56:57,series
36598430,犯罪现场 Zero,韩剧,9.2,https://img9.doubanio.com/view/photo/s_ratio_poster/public/p2925044105.jpg,2025-11-20 19:58:21,series
37269843,罗罗民宿,韩剧,9.1,https://img1.doubanio.com/view/photo/s_ratio_poster/public/p2921485230.jpg,2025-11-20 19:58:21,series
26785163,半月朋友,韩剧,9.3,https://img1.doubanio.com/view/photo/s_ratio_poster/public/p2345325698.jpg,2025-11-20 19:58:36,series
36198797,Going Seventeen 2019,韩剧,9.4,https://img3.doubanio.com/view/photo/s_ratio_poster/public/p2885667582.jpg,2025-11-20 19:58:43,series
36065702,看我的肩膀，都脱臼了呀,韩剧,8.9,https://img1.doubanio.com/view/photo/s_ratio_poster/public/p2878637390.jpg,2025-11-20 19:58:51,series
35352385,偶然的社长,韩剧,8.9,https://img1.doubanio.com/view/photo/s_ratio_poster/public/p2869967730.jpg,2025-11-20 19:58:51,series
27006153,犯罪现场3,韩剧,9.0,https://img3.doubanio.com/view/photo/s_ratio_poster/public/p2455880202.jpg,2025-11-20 19:58:51,series
26784951,Got7ing,韩剧,9.4,https://img9.doubanio.com/view/photo/s_ratio_poster/public/p2345606486.jpg,2025-11-20 19:58:51,series
30468870,刘在街头 第二季,韩剧,9.2,https://img2.doubanio.com/view/photo/s_ratio_poster/public/p2553873201.jpg,2025-11-20 19:58:51,series
4006490,龙珠Z,热门,9.6,https://img1.doubanio.com/view/photo/s_ratio_poster/public/p2554128260.jpg,2025-11-20 19:59:25,series
1431615,攻壳机动队 第一季,热门,9.6,https://img3.doubanio.com/view/photo/s_ratio_poster/public/p1993326737.jpg,2025-11-20 19:59:25,series
26287119,银魂 第三季,热门,9.6,https://img9.doubanio.com/view/photo/s_ratio_poster/public/p2269020335.jpg,2025-11-20 19:59:25,series
1460947,攻壳机动队 第二季,热门,9.6,https://img9.doubanio.com/view/photo/s_ratio_poster/public/p2014136064.jpg,2025-11-20 19:59:31,series
10604246,新世纪福音战士 2003重制版,热门,9.6,https://img3.doubanio.com/view/photo/s_ratio_poster/public/p1632921363.jpg,2025-11-20 19:59:38,series
1970134,数码宝贝,热门,9.5,https://img3.doubanio.com/view/photo/s_ratio_poster/public/p2554018582.jpg,2025-11-20 19:59:38,series
3284269,夏目友人帐 第二季,热门,9.5,https://img9.doubanio.com/view/photo/s_ratio_poster/public/p2221082675.jpg,2025-11-20 19:59:38,series
20488575,非洲,热门,9.7,https://img1.doubanio.com/view/photo/s_ratio_poster/public/p2085683729.jpg,2025-11-20 19:59:45,series
35634023,灵能百分百 Ⅲ,热门,9.5,https://img3.doubanio.com/view/photo/s_ratio_poster/public/p2875583707.jpg,2025-11-20 19:59:45,series
35587922,擅长捉弄的高木同学 第三季,热门,9.6,https://img3.doubanio.com/view/photo/s_ratio_poster/public/p2772967062.jpg,2025-11-20 19:59:52,series
26100432,锵锵三人行,热门,9.5,https://img1.doubanio.com/view/photo/s_ratio_poster/public/p2205739118.jpg,2025-11-20 19:59:52,series
35332568,奇巧计程车,热门,9.4,https://img3.doubanio.com/view/photo/s_ratio_poster/public/p2631090442.jpg,2025-11-20 20:00:14,series
4195676,巾帼枭雄之义海豪情,热门,9.4,https://img3.doubanio.com/view/photo/s_ratio_poster/public/p2326890587.jpg,2025-11-20 20:00:14,series
3993290,犬夜叉：完结篇,热门,9.4,https://img3.doubanio.com/view/photo/s_ratio_poster/public/p2178652327.jpg,2025-11-20 20:00:26,series
2994961,鼹鼠的故事,热门,9.4,https://img3.doubanio.com/view/photo/s_ratio_poster/public/p1383065323.jpg,2025-11-20 20:00:26,series
4223466,轻音少女 第二季,热门,9.4,https://img9.doubanio.com/view/photo/s_ratio_poster/public/p2260472124.jpg,2025-11-20 20:00:26,series
4881202,仁医 完结篇,热门,9.4,https://img3.doubanio.com/view/photo/s_ratio_poster/public/p913363317.jpg,2025-11-20 20:00:26,series
33379634,辉夜大小姐想让我告白：天才们的恋爱头脑战 第二季,热门,9.3,https://img2.doubanio.com/view/photo/s_ratio_poster/public/p2611407531.jpg,2025-11-20 20:01:03,series
36902276,住宅区的两人,热门,9.3,https://img3.doubanio.com/view/photo/s_ratio_poster/public/p2912529683.jpg,2025-11-20 20:01:11,series
